query_id,query_text,category,difficulty_label,reference_answer,small_model_answer,large_model_answer,small_model_correct,large_model_correct,routing_label
q0001,What is the chemical symbol for gold?,general_knowledge,easy,Au,,,,,
q0002,"Who wrote the play ""Romeo and Juliet""?",general_knowledge,easy,William Shakespeare,,,,,
q0003,What is the largest planet in our solar system?,general_knowledge,easy,Jupiter,,,,,
q0004,How many continents are there on Earth?,general_knowledge,easy,Seven,,,,,
q0005,What is the tallest mountain in the world?,general_knowledge,easy,Mount Everest,,,,,
q0006,What is the currency of Japan?,general_knowledge,easy,The yen,,,,,
q0007,Who painted the Mona Lisa?,general_knowledge,easy,Leonardo da Vinci,,,,,
q0008,What is the freezing point of water in Celsius?,general_knowledge,easy,0 degrees Celsius,,,,,
q0009,What is the smallest prime number?,general_knowledge,easy,2,,,,,
q0010,What gas do plants absorb from the atmosphere for photosynthesis?,general_knowledge,easy,Carbon dioxide,,,,,
q0011,What is the capital of Australia?,general_knowledge,easy,Canberra,,,,,
q0012,How many strings does a standard violin have?,general_knowledge,easy,Four,,,,,
q0013,What is the hardest natural substance on Earth?,general_knowledge,easy,Diamond,,,,,
q0014,Who was the first President of the United States?,general_knowledge,easy,George Washington,,,,,
q0015,What is the largest ocean on Earth?,general_knowledge,easy,The Pacific Ocean,,,,,
q0016,What is the capital of France?,geography,easy,Paris,,,,,
q0017,What is the longest river in the world?,geography,easy,The Nile River (by most measurements),,,,,
q0018,Which country has the largest population in the world?,geography,easy,"India (as of recent estimates, having surpassed China)",,,,,
q0019,What is the smallest country in the world by area?,geography,easy,Vatican City,,,,,
q0020,Which desert is the largest hot desert in the world?,geography,easy,The Sahara Desert,,,,,
q0021,What is the capital of Canada?,geography,easy,Ottawa,,,,,
q0022,Which mountain range separates Europe and Asia?,geography,easy,The Ural Mountains,,,,,
q0023,What is the capital of Egypt?,geography,easy,Cairo,,,,,
q0024,"Which US state is known as the ""Sunshine State""?",geography,easy,Florida,,,,,
q0025,What is the capital of Brazil?,geography,easy,Brasilia,,,,,
q0026,Which African country was formerly known as Abyssinia?,geography,easy,Ethiopia,,,,,
q0027,What is the capital of South Korea?,geography,easy,Seoul,,,,,
q0028,Which sea lies between Europe and Africa?,geography,easy,The Mediterranean Sea,,,,,
q0029,What is the capital of Italy?,geography,easy,Rome,,,,,
q0030,Which continent is the Sahara Desert located on?,geography,easy,Africa,,,,,
q0031,In what year did World War II end?,history,easy,1945,,,,,
q0032,Who was the first person to walk on the Moon?,history,easy,Neil Armstrong,,,,,
q0033,In what year did the Berlin Wall fall?,history,easy,1989,,,,,
q0034,Which ancient civilization built the pyramids of Giza?,history,easy,The ancient Egyptians,,,,,
q0035,In what year did the Titanic sink?,history,easy,1912,,,,,
q0036,Who was the British Prime Minister during most of World War II?,history,easy,Winston Churchill,,,,,
q0037,In what year did the United States declare independence?,history,easy,1776,,,,,
q0038,Which empire was ruled by Julius Caesar?,history,easy,The Roman Empire,,,,,
q0039,In what year did the French Revolution begin?,history,easy,1789,,,,,
q0040,Who was the leader of the Soviet Union during the Cuban Missile Crisis?,history,easy,Nikita Khrushchev,,,,,
q0041,In what century did the Renaissance begin?,history,easy,The 14th century,,,,,
q0042,Which war was fought between the North and South regions of the United States?,history,easy,The American Civil War,,,,,
q0043,What is the speed of light in a vacuum (approximately)?,science_physics,easy,"About 300,000 kilometers per second (299,792 km/s)",,,,,
q0044,What force pulls objects toward the center of the Earth?,science_physics,easy,Gravity,,,,,
q0045,What is the SI unit of force?,science_physics,easy,The newton,,,,,
q0046,What is the boiling point of water at sea level in Celsius?,science_physics,easy,100 degrees Celsius,,,,,
q0047,What are the three states of matter commonly taught in school?,science_physics,easy,"Solid, liquid, and gas",,,,,
q0048,What is the SI unit of electric current?,science_physics,easy,The ampere,,,,,
q0049,What simple machine is a seesaw an example of?,science_physics,easy,A lever,,,,,
q0050,What is the name for the force that opposes motion between two surfaces?,science_physics,easy,Friction,,,,,
q0051,What is the unit used to measure electrical resistance?,science_physics,easy,The ohm,,,,,
q0052,"What does the acronym ""laser"" stand for?",science_physics,easy,Light Amplification by Stimulated Emission of Radiation,,,,,
q0053,What is the chemical formula for water?,science_chemistry,easy,H2O,,,,,
q0054,What is the most abundant gas in Earth's atmosphere?,science_chemistry,easy,Nitrogen,,,,,
q0055,What is the atomic number of hydrogen?,science_chemistry,easy,1,,,,,
q0056,What is the pH value of a neutral solution?,science_chemistry,easy,7,,,,,
q0057,"What element does the symbol ""Fe"" represent?",science_chemistry,easy,Iron,,,,,
q0058,What is the process called when a liquid turns into a gas?,science_chemistry,easy,Evaporation,,,,,
q0059,What are the three main particles found in an atom?,science_chemistry,easy,"Protons, neutrons, and electrons",,,,,
q0060,What gas do humans exhale that plants use for photosynthesis?,science_chemistry,easy,Carbon dioxide,,,,,
q0061,What is the powerhouse of the cell?,science_biology,easy,The mitochondrion,,,,,
q0062,How many chambers does the human heart have?,science_biology,easy,Four,,,,,
q0063,What is the process by which plants make their own food using sunlight?,science_biology,easy,Photosynthesis,,,,,
q0064,What is the largest organ in the human body?,science_biology,easy,The skin,,,,,
q0065,How many pairs of chromosomes do humans typically have?,science_biology,easy,23 pairs,,,,,
q0066,What is the basic unit of life?,science_biology,easy,The cell,,,,,
q0067,What gas do humans need to breathe in to survive?,science_biology,easy,Oxygen,,,,,
q0068,What is the study of living organisms called?,science_biology,easy,Biology,,,,,
q0069,What part of the body is responsible for pumping blood?,science_biology,easy,The heart,,,,,
q0070,What do we call animals that eat only plants?,science_biology,easy,Herbivores,,,,,
q0071,What is 15% of 200?,mathematics,easy,30,,,,,
q0072,What is the sum of the interior angles of a triangle?,mathematics,easy,180 degrees,,,,,
q0073,What is 7 multiplied by 8?,mathematics,easy,56,,,,,
q0074,What is the square root of 144?,mathematics,easy,12,,,,,
q0075,What is 100 divided by 4?,mathematics,easy,25,,,,,
q0076,What is 9 squared?,mathematics,easy,81,,,,,
q0077,Convert 0.75 to a fraction in simplest form.,mathematics,easy,3/4,,,,,
q0078,What is 12 + 27?,mathematics,easy,39,,,,,
q0079,What is the value of pi rounded to two decimal places?,mathematics,easy,3.14,,,,,
q0080,What is 6 factorial (6!)?,mathematics,easy,720,,,,,
q0081,What is 3/4 expressed as a percentage?,mathematics,easy,75%,,,,,
q0082,"What is the next number in the sequence 2, 4, 6, 8, ...?",mathematics,easy,10,,,,,
q0083,What is 50 minus 18?,mathematics,easy,32,,,,,
q0084,How many degrees are there in a right angle?,mathematics,easy,90 degrees,,,,,
q0085,What is the least common multiple of 4 and 6?,mathematics,easy,12,,,,,
q0086,"What is the plural form of ""child""?",language_grammar,easy,Children,,,,,
q0087,"Identify the noun in this sentence: ""The dog ran quickly.""",language_grammar,easy,"""Dog""",,,,,
q0088,"What is a synonym for ""happy""?",language_grammar,easy,"""Joyful"" (or ""glad"", ""cheerful"")",,,,,
q0089,"What is the past tense of the verb ""go""?",language_grammar,easy,"""Went""",,,,,
q0090,What punctuation mark is used to end a question?,language_grammar,easy,A question mark (?),,,,,
q0091,"What is an antonym for ""hot""?",language_grammar,easy,"""Cold""",,,,,
q0092,"Is the word ""quickly"" an adjective or an adverb?",language_grammar,easy,An adverb,,,,,
q0093,"What is the plural of ""mouse"" (the animal)?",language_grammar,easy,"""Mice""",,,,,
q0094,"Identify the subject in the sentence: ""Maria wrote a letter.""",language_grammar,easy,"""Maria""",,,,,
q0095,"What part of speech is the word ""beautiful""?",language_grammar,easy,An adjective,,,,,
q0096,"What does ""ROI"" stand for in business?",business_finance,easy,Return on Investment,,,,,
q0097,What is the term for the total revenue a company earns minus its total expenses?,business_finance,easy,Profit (net income),,,,,
q0098,What is a common term for the money a company owes to others?,business_finance,easy,Liabilities (debt),,,,,
q0099,"What does ""GDP"" stand for?",business_finance,easy,Gross Domestic Product,,,,,
q0100,"What is the term for a document that records a company's assets, liabilities, and equity?",business_finance,easy,A balance sheet,,,,,
q0101,What is inflation?,business_finance,easy,A general increase in prices and fall in the purchasing value of money over time,,,,,
q0102,"What does ""B2B"" stand for in business?",business_finance,easy,Business-to-business,,,,,
q0103,What is a stock or share generally considered to represent?,business_finance,easy,Partial ownership in a company,,,,,
q0104,"Who wrote the novel ""Pride and Prejudice""?",literature_arts,easy,Jane Austen,,,,,
q0105,"Who is the author of the ""Harry Potter"" book series?",literature_arts,easy,J.K. Rowling,,,,,
q0106,What art movement is Pablo Picasso most associated with (alongside Cubism)?,literature_arts,easy,Cubism,,,,,
q0107,"Who composed the ""Ninth Symphony,"" featuring the ""Ode to Joy""?",literature_arts,easy,Ludwig van Beethoven,,,,,
q0108,"What is the term for a 14-line poem, often associated with Shakespeare?",literature_arts,easy,A sonnet,,,,,
q0109,"Who wrote ""1984"" and ""Animal Farm""?",literature_arts,easy,George Orwell,,,,,
q0110,What museum in Paris houses the Mona Lisa?,literature_arts,easy,The Louvre,,,,,
q0111,"Who wrote the epic poem ""The Odyssey""?",literature_arts,easy,Homer,,,,,
q0112,"If it is raining outside, what item would you typically bring to stay dry?",everyday_commonsense,easy,An umbrella (or raincoat),,,,,
q0113,What should you do before crossing a busy street?,everyday_commonsense,easy,Look both ways to check for oncoming traffic,,,,,
q0114,What appliance is typically used to keep food cold at home?,everyday_commonsense,easy,A refrigerator,,,,,
q0115,"If you want to write in the dark, what would help you see?",everyday_commonsense,easy,A flashlight or lamp,,,,,
q0116,What is the typical number of days in a standard (non-leap) year?,everyday_commonsense,easy,365 days,,,,,
q0117,What should you do if a fire alarm goes off in a building?,everyday_commonsense,easy,Evacuate the building calmly via the nearest exit,,,,,
q0118,What is generally recommended before eating a meal for hygiene reasons?,everyday_commonsense,easy,Washing your hands,,,,,
q0119,What do you typically use to unlock a door?,everyday_commonsense,easy,A key,,,,,
q0120,Why do people typically wear seatbelts in cars?,everyday_commonsense,easy,To protect themselves from injury in the event of a collision or sudden stop,,,,,
q0121,"If a train travels at 60 mph for 2.5 hours, how far does it travel?",general_knowledge,medium,150 miles (60 x 2.5),,,,,
q0122,A recipe requires 3 eggs for 12 cupcakes. How many eggs are needed for 30 cupcakes?,general_knowledge,medium,"7.5 eggs in exact ratio terms (3/12 = x/30 -> x = 7.5), so in practice you would round up to 8 eggs.",,,,,
q0123,Explain why the sky appears blue during the day.,general_knowledge,medium,"Sunlight is scattered by gas molecules in Earth's atmosphere; blue light is scattered much more than other colors because it travels in shorter, smaller wavelengths (Rayleigh scattering), making the sky appear blue.",,,,,
q0124,Why do we experience different seasons on Earth?,general_knowledge,medium,"Because Earth's axis is tilted about 23.5 degrees relative to its orbital plane, different parts of Earth receive varying amounts of direct sunlight throughout the year as it orbits the Sun.",,,,,
q0125,"If you mix blue and yellow paint, what color do you get, and why?",general_knowledge,medium,"Green. In subtractive color mixing, blue and yellow pigments each absorb most wavelengths except a shared middle range, so the light reflected back appears green.",,,,,
q0126,Why does ice float on water?,general_knowledge,medium,"Ice is less dense than liquid water because its molecules form a rigid hexagonal crystal lattice held by hydrogen bonds that spaces them farther apart than in the liquid state, so it floats.",,,,,
q0127,A car uses 1 gallon of gas per 25 miles. How many gallons are needed to travel 175 miles?,general_knowledge,medium,7 gallons (175 / 25),,,,,
q0128,Explain why a full moon and a lunar eclipse do not happen every month even though the Moon orbits Earth monthly.,general_knowledge,medium,"The Moon's orbit is tilted about 5 degrees relative to Earth's orbit around the Sun, so the Moon, Earth, and Sun are precisely aligned in the same plane only a few times a year, making eclipses relatively rare.",,,,,
q0129,"If it is 3:00 PM in London (GMT), what time is it in New York (EST, GMT-5)?",geography,medium,10:00 AM,,,,,
q0130,Which two countries share the longest international land border in the world?,geography,medium,Canada and the United States,,,,,
q0131,Explain why coastal cities often have milder climates than inland cities at the same latitude.,geography,medium,"Large bodies of water have a high heat capacity, so they absorb and release heat slowly, moderating nearby air temperatures and reducing seasonal extremes compared to inland areas.",,,,,
q0132,"If a flight from Los Angeles to Tokyo takes about 11 hours and departs at 10:00 AM local LA time, and Tokyo is 17 hours ahead of LA, at roughly what local Tokyo time does it land?",geography,medium,Roughly 2:00 PM Tokyo time the next day (10:00 AM LA + 11 hours flight = 9:00 PM LA time; adding the 17-hour offset gives about 2:00 PM Tokyo time).,,,,,
q0133,Why does the Amazon rainforest play a critical role in global climate regulation?,geography,medium,"It absorbs large amounts of atmospheric carbon dioxide through photosynthesis and releases oxygen and water vapor, influencing global carbon cycles and regional and global weather patterns.",,,,,
q0134,"Explain why Death Valley, California, can get extremely hot despite being in a temperate latitude.",geography,medium,"It lies in a deep, below-sea-level basin surrounded by mountains that trap and compress descending air (causing adiabatic heating), combined with low humidity and minimal cloud cover that let intense sunlight reach the ground.",,,,,
q0135,Which strait separates Asia and North America?,geography,medium,The Bering Strait,,,,,
q0136,Why do rivers commonly form deltas when they reach the ocean?,geography,medium,"As a river's flow slows upon reaching the sea, its capacity to carry sediment decreases, causing sediment to deposit and build up landforms at the river mouth.",,,,,
q0137,What were two major causes of World War I?,history,medium,"Rising nationalism and a web of alliance systems among European powers, along with the assassination of Archduke Franz Ferdinand, which triggered a chain of alliance-based declarations of war.",,,,,
q0138,Why did the Roman Empire eventually split into Eastern and Western halves?,history,medium,Administrative and military challenges of governing such a vast territory led Emperor Diocletian to divide it for more effective governance; the Western half later collapsed due to invasions and economic troubles while the Eastern (Byzantine) half endured for centuries longer.,,,,,
q0139,What economic factors contributed to the Great Depression?,history,medium,"Overproduction and speculative stock market investment, widespread bank failures, sharply reduced consumer spending, and restrictive trade policies (like tariffs) all contributed to the severe global economic downturn beginning in 1929.",,,,,
q0140,Why is the invention of the printing press considered a turning point in history?,history,medium,"It allowed for mass production of books, dramatically increasing literacy and the spread of ideas, which fueled the Renaissance, the Reformation, and the Scientific Revolution.",,,,,
q0141,What was the significance of the Magna Carta (1215)?,history,medium,"It limited the power of the English monarchy by establishing that the king was subject to the law, laying groundwork for constitutional governance and individual rights.",,,,,
q0142,Why did the Cold War never escalate into direct military conflict between the US and USSR?,history,medium,"The doctrine of mutually assured destruction via nuclear weapons made direct war catastrophically costly for both sides, so conflict was instead waged through proxy wars, espionage, and political and economic competition.",,,,,
q0143,What role did the Silk Road play in connecting ancient civilizations?,history,medium,"It was a network of trade routes linking China, Central Asia, the Middle East, and Europe, facilitating exchange of goods like silk and spices, as well as ideas, religions, and technologies.",,,,,
q0144,Why did European powers pursue colonization of Africa in the late 19th century?,history,medium,"Driven by economic motives such as access to raw materials and markets, nationalist competition among European powers, and ideological justifications, culminating in the 'Scramble for Africa' formalized at the Berlin Conference of 1884-85.",,,,,
q0145,What caused the fall of the Berlin Wall in 1989?,history,medium,"A combination of economic stagnation in East Germany, growing pro-democracy protests across Eastern Europe, and reforms in the Soviet Union (glasnost and perestroika) that reduced Soviet willingness to suppress uprisings.",,,,,
q0146,Why is the Industrial Revolution considered a major turning point in human history?,history,medium,"It shifted economies from agrarian and handcraft-based production to mechanized manufacturing, dramatically increasing productivity, urbanization, and living standards while also creating new social and environmental challenges.",,,,,
q0147,"A ball is dropped from a height of 20 meters. Approximately how long does it take to hit the ground (ignoring air resistance, g=9.8 m/s^2)?",science_physics,medium,"About 2.02 seconds, using t = sqrt(2h/g) = sqrt(40/9.8) ~= 2.02s",,,,,
q0148,Why do astronauts experience weightlessness in orbit even though gravity is still acting on them?,science_physics,medium,"Astronauts in orbit are in continuous free fall around Earth; both they and their spacecraft fall at the same rate, so there is no normal force between them, creating the sensation of weightlessness even though gravity is still acting.",,,,,
q0149,A 2 kg object accelerates at 3 m/s^2. What net force is acting on it?,science_physics,medium,6 newtons (F = ma = 2 x 3),,,,,
q0150,Explain why a metal spoon feels colder to the touch than a wooden spoon at the same room temperature.,science_physics,medium,"Metal has much higher thermal conductivity than wood, so it draws heat away from your hand faster, making it feel colder even though both are at the same temperature.",,,,,
q0151,"If a wave has a frequency of 5 Hz and a wavelength of 2 meters, what is its speed?",science_physics,medium,10 m/s (speed = frequency x wavelength = 5 x 2),,,,,
q0152,Why does a curveball in baseball curve during flight?,science_physics,medium,"The spin on the ball creates a pressure difference in the surrounding air (the Magnus effect); air moves faster on one side of the ball, lowering pressure there, causing the ball to curve toward that side.",,,,,
q0153,Explain why objects appear to weigh less underwater.,science_physics,medium,"Water exerts an upward buoyant force on submerged objects, per Archimedes' principle, which partially counteracts gravity and makes the object feel lighter.",,,,,
q0154,A car accelerates from 0 to 20 m/s in 4 seconds. What is its average acceleration?,science_physics,medium,5 m/s^2 (a = delta-v / delta-t = 20 / 4),,,,,
q0155,Why does a helium balloon rise in air?,science_physics,medium,"Helium is less dense than the surrounding air, so the buoyant force acting on the balloon (equal to the weight of air it displaces) exceeds its own weight, causing it to rise.",,,,,
q0156,Explain why sound cannot travel through a vacuum.,science_physics,medium,"Sound is a mechanical wave that requires a medium, such as air, water, or a solid, whose particles vibrate to transmit the wave; a vacuum has no particles to carry the vibration.",,,,,
q0157,Balance the following chemical equation: H2 + O2 -> H2O.,science_chemistry,medium,2H2 + O2 -> 2H2O,,,,,
q0158,Why does adding salt to water raise its boiling point?,science_chemistry,medium,"Dissolved salt lowers the vapor pressure of the solution, a colligative effect, meaning a higher temperature is required for the vapor pressure to equal atmospheric pressure and cause boiling.",,,,,
q0159,What type of reaction occurs when an acid reacts with a base?,science_chemistry,medium,"A neutralization reaction, producing water and a salt.",,,,,
q0160,Explain why ice is less dense than liquid water at the molecular level.,science_chemistry,medium,"In ice, water molecules form a rigid hexagonal lattice held together by hydrogen bonds that spaces molecules farther apart than in the more compact, disordered arrangement of liquid water.",,,,,
q0161,"If you have 2 moles of a gas at standard temperature and pressure (STP), approximately what volume does it occupy?",science_chemistry,medium,About 44.8 liters (2 x 22.4 L/mol at STP),,,,,
q0162,Why does iron rust but gold does not?,science_chemistry,medium,"Iron is reactive and readily oxidizes in the presence of oxygen and moisture to form iron oxide (rust), whereas gold is a noble metal that is highly resistant to oxidation and corrosion.",,,,,
q0163,"What happens to the rate of a chemical reaction when temperature increases, and why?",science_chemistry,medium,"The reaction rate generally increases, because higher temperature gives molecules more kinetic energy, leading to more frequent and more energetic collisions that exceed the activation energy.",,,,,
q0164,Explain the difference between an exothermic and an endothermic reaction.,science_chemistry,medium,"An exothermic reaction releases energy, usually as heat, to its surroundings, while an endothermic reaction absorbs energy from its surroundings; this is reflected in the sign of the reaction's enthalpy change, negative for exothermic and positive for endothermic.",,,,,
q0165,Why is biodiversity important for ecosystem stability?,science_biology,medium,"Greater biodiversity provides more functional redundancy and resilience, allowing ecosystems to better withstand disturbances, adapt to environmental changes, and maintain essential services like nutrient cycling and pollination.",,,,,
q0166,Explain how vaccines help the immune system protect against disease.,science_biology,medium,"Vaccines introduce a harmless piece or a weakened/inactivated form of a pathogen, prompting the immune system to produce antibodies and memory cells, so it can respond more quickly and effectively if exposed to the real pathogen later.",,,,,
q0167,Why do muscles feel sore after intense exercise?,science_biology,medium,"Intense or unfamiliar exercise causes microscopic damage to muscle fibers, triggering an inflammatory repair response known as delayed-onset muscle soreness (DOMS), typically peaking 24 to 72 hours later.",,,,,
q0168,Explain the basic process of natural selection.,science_biology,medium,"Individuals with heritable traits better suited to their environment tend to survive and reproduce more successfully, passing those traits to offspring; over generations, this shifts the population toward traits that enhance survival and reproduction.",,,,,
q0169,Why is the liver considered vital for detoxification in the body?,science_biology,medium,"The liver metabolizes and neutralizes toxins, drugs, and metabolic waste products, such as converting ammonia to urea, turning them into less harmful or water-soluble forms that can be excreted.",,,,,
q0170,Explain why antibiotic resistance develops in bacteria.,science_biology,medium,"Random mutations or gene transfers can give some bacteria traits that let them survive antibiotic exposure; when antibiotics kill non-resistant bacteria, the resistant ones survive and reproduce, gradually making the resistant trait more common in the population.",,,,,
q0171,Why do plants wilt when they don't receive enough water?,science_biology,medium,"Water pressure, known as turgor pressure, inside plant cells keeps them rigid; without enough water, cells lose turgor pressure, causing the stems and leaves to lose structural support and droop.",,,,,
q0172,Explain the role of enzymes in digestion.,science_biology,medium,"Enzymes are biological catalysts that speed up the breakdown of complex food molecules, such as proteins, carbohydrates, and fats, into simpler absorbable units, without being consumed in the process.",,,,,
q0173,Solve for x: 3x + 7 = 22.,mathematics,medium,x = 5,,,,,
q0174,A rectangle has a length of 12 cm and a width of 7 cm. What is its area and perimeter?,mathematics,medium,Area = 84 cm^2 (12 x 7); Perimeter = 38 cm (2 x (12 + 7)),,,,,
q0175,"If a shirt originally costs $40 and is on sale for 25% off, what is the sale price?",mathematics,medium,$30 (40 - 0.25 x 40 = 40 - 10),,,,,
q0176,"Solve the system of equations: x + y = 10, x - y = 2.",mathematics,medium,"x = 6, y = 4",,,,,
q0177,What is the probability of rolling a sum of 7 with two standard six-sided dice?,mathematics,medium,"6/36, which simplifies to 1/6, since there are 6 combinations that sum to 7 out of 36 total outcomes",,,,,
q0178,A car travels 240 miles using 8 gallons of gas. What is its fuel efficiency in miles per gallon?,mathematics,medium,30 miles per gallon (240 / 8),,,,,
q0179,Simplify the expression: 2(x + 3) - 4x.,mathematics,medium,"-2x + 6, since 2x + 6 - 4x = -2x + 6",,,,,
q0180,"If the ratio of boys to girls in a class is 3:2 and there are 30 students total, how many boys are there?",mathematics,medium,18 boys (3/5 x 30 = 18),,,,,
q0181,What is the area of a circle with radius 5 cm (use pi ~= 3.14)?,mathematics,medium,78.5 cm^2 (pi x 5^2 = 3.14 x 25),,,,,
q0182,"A ladder 10 feet long leans against a wall, with its base 6 feet from the wall. How high up the wall does it reach?",mathematics,medium,"8 feet, using the Pythagorean theorem: sqrt(10^2 - 6^2) = sqrt(64) = 8",,,,,
q0183,"If an investment grows from $1,000 to $1,210 over 2 years with annual compounding, what is the annual interest rate?",mathematics,medium,"10% per year, since 1000 x 1.1^2 = 1210",,,,,
q0184,"Find the mean of the numbers: 4, 8, 15, 16, 23, 42.",mathematics,medium,"18 (sum = 108, divided by 6)",,,,,
q0185,A store marks up an item that costs $50 by 40% to set the selling price. What is the selling price?,mathematics,medium,$70 (50 x 1.4),,,,,
q0186,Solve for x: x^2 - 5x + 6 = 0.,mathematics,medium,"x = 2 or x = 3, since the equation factors as (x-2)(x-3) = 0",,,,,
q0187,"If two trains start 300 miles apart and travel toward each other at 50 mph and 70 mph respectively, how long until they meet?",mathematics,medium,"2.5 hours, since combined speed is 120 mph and 300 / 120 = 2.5",,,,,
q0188,"Write a Python function that returns True if a number is even, and False otherwise.",programming,medium,"def is_even(n):
    return n % 2 == 0",,,,,
q0189,What is the time complexity of binary search on a sorted array of n elements?,programming,medium,O(log n),,,,,
q0190,Write a Python function to compute the factorial of a non-negative integer n using recursion.,programming,medium,"def factorial(n):
    return 1 if n == 0 else n * factorial(n - 1)",,,,,
q0191,"What does the following code print? print(len(""hello world""))",programming,medium,"11, since the string ""hello world"" has 11 characters including the space",,,,,
q0192,Write a Python one-liner using a list comprehension to get the squares of numbers 1 through 5.,programming,medium,"[x**2 for x in range(1, 6)], which evaluates to [1, 4, 9, 16, 25]",,,,,
q0193,What is the difference between a list and a tuple in Python?,programming,medium,"Lists are mutable, meaning they can be changed after creation, and are defined with square brackets, while tuples are immutable, cannot be changed after creation, and are defined with parentheses.",,,,,
q0194,"Write a SQL query to select all columns from a table named ""employees"" where the salary is greater than 50000.",programming,medium,SELECT * FROM employees WHERE salary > 50000;,,,,,
q0195,"What will this Python code output? x = [1, 2, 3]; y = x; y.append(4); print(x)",programming,medium,"[1, 2, 3, 4], because y is a reference to the same list object as x, so appending to y also modifies x.",,,,,
q0196,Write a function in Python that returns the maximum value in a list without using the built-in max() function.,programming,medium,"def find_max(lst):
    m = lst[0]
    for v in lst:
        if v > m:
            m = v
    return m",,,,,
q0197,"What does the acronym ""API"" stand for in software development?",programming,medium,Application Programming Interface,,,,,
q0198,"Explain the difference between ""=="" and ""is"" in Python.",programming,medium,"""=="" checks whether two objects have equal values, while ""is"" checks whether two references point to the exact same object in memory.",,,,,
q0199,Write a regular expression that matches a valid US five-digit zip code.,programming,medium,^\d{5}$,,,,,
q0200,"If all cats are mammals and all mammals are animals, are all cats animals? Explain.",logic_reasoning,medium,"Yes; since cats are a subset of mammals and mammals are a subset of animals, cats must also be a subset of animals, by the transitive property of set inclusion.",,,,,
q0201,A farmer has chickens and cows. Together they have 20 heads and 56 legs. How many chickens and how many cows are there?,logic_reasoning,medium,"12 chickens and 8 cows. Let c = chickens and w = cows; c + w = 20 and 2c + 4w = 56, which solves to w = 8 and c = 12.",,,,,
q0202,"In a three-person race with only Alex, Blake, and Casey, Casey finished immediately before Alex, and Alex finished immediately before Blake. Who finished last?",logic_reasoning,medium,"Blake finished last. The finishing order was Casey (1st), Alex (2nd), Blake (3rd), since 'finished immediately before' establishes a strict sequential chain: Casey -> Alex -> Blake.",,,,,
q0203,"If it takes 5 machines 5 minutes to make 5 widgets, how long would it take 100 machines to make 100 widgets?",logic_reasoning,medium,"5 minutes. Each machine makes 1 widget in 5 minutes, so 100 machines working in parallel make 100 widgets in the same 5 minutes.",,,,,
q0204,"You have two ropes, each of which takes exactly 1 hour to burn, but they burn unevenly. How can you measure exactly 45 minutes using them?",logic_reasoning,medium,"Light both ends of the first rope and one end of the second rope at the same time. The first rope fully burns in 30 minutes; at that moment, light the other end of the second rope too. It will then take 15 more minutes to finish burning, for a total of 45 minutes.",,,,,
q0205,A is taller than B. C is shorter than B. Is A taller than C? Explain.,logic_reasoning,medium,"Yes; since A is taller than B and B is taller than C, by transitivity A must be taller than C.",,,,,
q0206,"In a room of 30 people, is it guaranteed that at least two people share a birth month? Explain.",logic_reasoning,medium,"Yes; there are only 12 possible birth months, so by the pigeonhole principle, with 30 people at least one month must contain at least three people, since ceil(30/12) = 3.",,,,,
q0207,"If today is Wednesday, what day of the week will it be in 100 days?",logic_reasoning,medium,"Friday, since 100 mod 7 = 2, and two days after Wednesday is Friday.",,,,,
q0208,Five people shake hands with each other exactly once. How many total handshakes occur?,logic_reasoning,medium,"10 handshakes, using combinations of 5 people taken 2 at a time: 5 x 4 / 2 = 10",,,,,
q0209,A bat and a ball cost $1.10 together. The bat costs $1.00 more than the ball. How much does the ball cost?,logic_reasoning,medium,"$0.05. If the ball costs x, the bat costs x + 1.00, so x + (x + 1.00) = 1.10, giving 2x = 0.10 and x = 0.05.",,,,,
q0210,"If some Bloops are Razzies and all Razzies are Lazzies, can we conclude that some Bloops are Lazzies? Explain.",logic_reasoning,medium,"Yes; since some Bloops are Razzies, and all Razzies are Lazzies, those same Bloops that are Razzies must also be Lazzies, so some Bloops are Lazzies.",,,,,
q0211,"In a group of people, everyone shakes hands with everyone else exactly once, resulting in 45 handshakes. How many people are in the group?",logic_reasoning,medium,"10 people, since n(n-1)/2 = 45 leads to n^2 - n - 90 = 0, which factors to give n = 10.",,,,,
q0212,"Rewrite the following sentence in passive voice: ""The chef cooked the meal.""",language_grammar,medium,"""The meal was cooked by the chef.""",,,,,
q0213,"Identify and correct the grammatical error: ""Neither of the students have finished their homework.""",language_grammar,medium,"The error is subject-verb agreement; it should be ""Neither of the students has finished their homework"" since ""neither"" is singular.",,,,,
q0214,"What is the difference between ""affect"" and ""effect"" in typical usage?",language_grammar,medium,"""Affect"" is usually used as a verb meaning to influence something, as in ""The weather affects my mood,"" while ""effect"" is usually used as a noun meaning the result of a change, as in ""The effect was noticeable.""",,,,,
q0215,"Combine these two sentences into one using a subordinating conjunction: ""It started to rain. We went inside.""",language_grammar,medium,"""We went inside because it started to rain."" (or ""When it started to rain, we went inside."")",,,,,
q0216,"Identify the type of clause in this sentence: ""Although she was tired, she finished the race.""",language_grammar,medium,"""Although she was tired"" is a subordinate (dependent) clause, specifically an adverbial clause of concession.",,,,,
q0217,"Correct the sentence: ""Me and him went to the store yesterday.""",language_grammar,medium,"""He and I went to the store yesterday,"" correcting the pronoun case for subject position.",,,,,
q0218,"If a company's revenue is $500,000 and its expenses are $350,000, what is its profit margin?",business_finance,medium,"30%. Profit = 500,000 - 350,000 = 150,000; margin = 150,000 / 500,000 = 0.30",,,,,
q0219,"What is compound interest, and how does it differ from simple interest?",business_finance,medium,"Compound interest is calculated on both the initial principal and the accumulated interest from previous periods, causing growth to accelerate over time, whereas simple interest is calculated only on the original principal, growing linearly.",,,,,
q0220,"If you invest $2,000 at a 5% annual simple interest rate, how much interest will you earn after 3 years?",business_finance,medium,"$300, since Interest = P x r x t = 2000 x 0.05 x 3",,,,,
q0221,What is the break-even point in business terms?,business_finance,medium,"The point at which total revenue equals total costs, meaning the business is neither making a profit nor a loss.",,,,,
q0222,"Explain the difference between a fixed cost and a variable cost, with an example of each.",business_finance,medium,"A fixed cost stays constant regardless of production volume, such as rent, while a variable cost changes in proportion to production volume, such as raw materials.",,,,,
q0223,"If a company's current assets are $200,000 and current liabilities are $100,000, what is its current ratio, and what does it indicate?",business_finance,medium,"The current ratio is 2.0 (200,000 / 100,000), indicating the company has twice as many current assets as current liabilities, generally suggesting good short-term liquidity.",,,,,
q0224,Why might a company choose to finance growth through debt rather than issuing new equity?,business_finance,medium,"Debt financing can be cheaper, since interest is often tax-deductible, and it avoids diluting ownership or giving up control of the company, though it does add fixed repayment obligations and financial risk.",,,,,
q0225,What does it mean if a company has negative cash flow but positive net income?,business_finance,medium,"It means the company is profitable on paper, with accounting income exceeding expenses, but is not generating enough actual cash, often due to factors like large amounts of revenue tied up in accounts receivable or significant non-cash expenses and investments.",,,,,
q0226,"You have a 3-liter jug and a 5-liter jug, with no other markings. How can you measure exactly 4 liters of water?",everyday_commonsense,medium,"Fill the 5-liter jug fully, pour it into the 3-liter jug until full, leaving 2 liters in the 5L jug. Empty the 3L jug, pour the remaining 2 liters into the 3L jug, then fill the 5L jug again and pour into the 3L jug until it's full, which needs only 1 more liter, leaving exactly 4 liters in the 5L jug.",,,,,
q0227,"You need to charge your phone before leaving in 30 minutes, but you only have a charger that takes 2 hours for a full charge. What should you do?",everyday_commonsense,medium,"Plug the phone in for the available 30 minutes to get a partial charge; a partial charge is better than none, and you might also consider bringing a portable charger or charging in the car while traveling.",,,,,
q0228,Why is it generally a bad idea to leave perishable food out of the refrigerator for several hours?,everyday_commonsense,medium,"Bacteria multiply rapidly at room temperature, in the so-called danger zone between about 40 and 140 degrees Fahrenheit, increasing the risk of foodborne illness the longer perishable food sits unrefrigerated.",,,,,
q0229,"If you're planning a picnic and the weather forecast shows a 70% chance of rain, what should you consider doing?",everyday_commonsense,medium,"Consider having a backup indoor location, bringing rain gear or umbrellas, or rescheduling, since a 70% chance indicates rain is quite likely.",,,,,
q0230,Why do we set clocks forward or backward for daylight saving time in many regions?,everyday_commonsense,medium,"To make better use of natural daylight during longer summer days by shifting an hour of daylight from morning to evening, though the practice's benefits, such as energy savings, are debated today.",,,,,
q0231,Is it ethical to break a promise if keeping it would cause significant harm to someone? Explain your reasoning.,philosophy_ethics,medium,"This is debated: a strict deontological view holds that promises should generally be kept because trust and duty matter regardless of consequences, while a consequentialist view holds that preventing significant harm can justify breaking a promise, since outcomes matter most. Most people adopt a middle ground, weighing the severity of harm against the importance of the commitment.",,,,,
q0232,"What is the ""trolley problem,"" and what ethical tension does it illustrate?",philosophy_ethics,medium,"The trolley problem asks whether it's ethical to divert a runaway trolley to kill one person instead of five. It illustrates the tension between consequentialist reasoning, which favors minimizing total harm, and deontological reasoning, which holds there is a moral difference between actively causing harm and merely allowing it to happen.",,,,,
q0233,"Is it more important to be honest or to be kind, when the two conflict? Explain a reasonable position.",philosophy_ethics,medium,"There is no universal answer, but many ethical frameworks favor tactful honesty, being truthful while choosing compassionate framing and timing, rather than treating honesty and kindness as strictly opposed, since outright lying can erode trust while blunt honesty can needlessly harm.",,,,,
q0234,Explain the difference between moral relativism and moral objectivism.,philosophy_ethics,medium,"Moral relativism holds that moral truths are relative to individual or cultural perspectives, with no universal standard, while moral objectivism holds that at least some moral truths are universal and apply regardless of culture or opinion.",,,,,
q0235,Should individuals be held morally responsible for actions taken under extreme coercion? Explain your reasoning.,philosophy_ethics,medium,"Most ethical frameworks reduce or eliminate moral responsibility under extreme coercion, since genuine free choice is compromised; however, some responsibility may remain if the person had any viable alternative, since the degree of coercion and the severity of the coerced act both matter.",,,,,
q0236,Find the derivative of f(x) = 3x^4 - 5x^3 + 2x - 7.,mathematics,hard,f'(x) = 12x^3 - 15x^2 + 2,,,,,
q0237,Evaluate the integral of (2x + 3) dx.,mathematics,hard,x^2 + 3x + C,,,,,
q0238,Solve for x: log base 2 of x plus log base 2 of (x - 2) equals 3.,mathematics,hard,"x = 4. Since log2(x(x-2)) = 3, x(x-2) = 8, giving x^2 - 2x - 8 = 0, which factors as (x-4)(x+2) = 0. x = -2 is rejected since the log of a negative number is undefined, so x = 4.",,,,,
q0239,Find the limit as x approaches 0 of sin(x)/x.,mathematics,hard,"1, a standard limit result derivable via the squeeze theorem or L'Hopital's rule.",,,,,
q0240,A committee of 4 people is to be chosen from a group of 6 men and 5 women. In how many ways can this be done if the committee must include exactly 2 men and 2 women?,mathematics,hard,"150 ways: C(6,2) x C(5,2) = 15 x 10 = 150",,,,,
q0241,Prove that the sum of two even numbers is always even.,mathematics,hard,"Let the two even numbers be 2m and 2n for integers m and n. Their sum is 2m + 2n = 2(m + n), which is divisible by 2 by definition, so the sum is even. QED.",,,,,
q0242,"Find the eigenvalues of the matrix [[2, 1], [1, 2]].",mathematics,hard,"Eigenvalues are 1 and 3. Solving det(A - lambda*I) = (2-lambda)^2 - 1 = 0 gives lambda^2 - 4*lambda + 3 = 0, which factors as (lambda-1)(lambda-3) = 0.",,,,,
q0243,What is the sum of the infinite geometric series 1 + 1/2 + 1/4 + 1/8 + ...?,mathematics,hard,"2, using the formula sum = a / (1 - r) = 1 / (1 - 0.5) = 2",,,,,
q0244,"Solve the differential equation dy/dx = 3y, given y(0) = 2.",mathematics,hard,y = 2 * e^(3x),,,,,
q0245,A right circular cone has a radius of 3 and height of 4. What is its volume and slant height?,mathematics,hard,"Volume = (1/3) * pi * r^2 * h = (1/3) * pi * 9 * 4 = 12*pi, approximately 37.7. Slant height = sqrt(r^2 + h^2) = sqrt(9 + 16) = 5",,,,,
q0246,Prove that the square root of 2 is irrational.,mathematics,hard,"Assume for contradiction that sqrt(2) = p/q in lowest terms, with p and q integers and gcd(p,q)=1. Then 2 = p^2/q^2, so p^2 = 2*q^2, meaning p^2 is even, so p is even. Let p = 2k. Then 4k^2 = 2q^2, so q^2 = 2k^2, meaning q is also even. But this contradicts gcd(p,q)=1, since both cannot be even. Hence sqrt(2) cannot be rational. QED.",,,,,
q0247,"What is the determinant of the matrix [[1, 2, 3], [0, 1, 4], [5, 6, 0]]?",mathematics,hard,1. Expanding along the first row: 1*(1*0 - 4*6) - 2*(0*0 - 4*5) + 3*(0*6 - 1*5) = 1*(-24) - 2*(-20) + 3*(-5) = -24 + 40 - 15 = 1,,,,,
q0248,"Find all solutions to the equation cos(2x) = 0 for x in [0, 2*pi).",mathematics,hard,"x = pi/4, 3*pi/4, 5*pi/4, 7*pi/4. Since 2x = pi/2 + k*pi, x = pi/4 + k*pi/2, giving four solutions in the interval [0, 2*pi).",,,,,
q0249,"A population of bacteria grows according to P(t) = 500 * e^(0.3t), where t is in hours. How long does it take for the population to double?",mathematics,hard,"t = ln(2) / 0.3, approximately 2.31 hours. Solving 1000 = 500*e^(0.3t) gives 2 = e^(0.3t), so t = ln(2)/0.3.",,,,,
q0250,"Using the binomial theorem, find the coefficient of x^3 in the expansion of (x + 2)^5.",mathematics,hard,"40. The general term is C(5,k) * x^k * 2^(5-k). For x^3, k=3: C(5,3) = 10 and 2^(5-3) = 4, so the coefficient is 10 * 4 = 40.",,,,,
q0251,"Write a Python function to check if a string is a palindrome, ignoring case and spaces.",programming,hard,"def is_palindrome(s):
    cleaned = ''.join(c.lower() for c in s if c.isalnum())
    return cleaned == cleaned[::-1]",,,,,
q0252,What is the time complexity of quicksort in the average case and worst case?,programming,hard,"Average case: O(n log n). Worst case: O(n^2), which occurs when the pivot selection consistently produces highly unbalanced partitions, such as with already-sorted input and a naive pivot choice.",,,,,
q0253,Write a Python function to find the nth Fibonacci number using memoization.,programming,hard,"def fib(n, memo={}):
    if n in memo:
        return memo[n]
    if n <= 1:
        return n
    memo[n] = fib(n-1, memo) + fib(n-2, memo)
    return memo[n]",,,,,
q0254,"Explain the difference between a stack and a queue, and give a real-world example use case for each.",programming,hard,"A stack is a LIFO (last-in, first-out) structure, like a stack of plates where the last one placed is the first removed, commonly used for undo functionality or function call stacks. A queue is a FIFO (first-in, first-out) structure, like a line of people where the first one in line is served first, commonly used for task scheduling or print queues.",,,,,
q0255,"What will the following code output, and why? def f(a, b=[]):
    b.append(a)
    return b
print(f(1))
print(f(2))",programming,hard,"It prints [1] then [1, 2]. Default mutable arguments in Python are created once when the function is defined, not on each call, so the same list object persists and accumulates values across calls, a common Python pitfall.",,,,,
q0256,"Write a SQL query to find the second-highest salary from an ""employees"" table.",programming,hard,SELECT MAX(salary) FROM employees WHERE salary < (SELECT MAX(salary) FROM employees);,,,,,
q0257,"Given an array of integers, write a Python function to find two numbers that sum to a target value, returning their indices, in O(n) time.",programming,hard,"def two_sum(nums, target):
    seen = {}
    for i, n in enumerate(nums):
        complement = target - n
        if complement in seen:
            return [seen[complement], i]
        seen[n] = i
    return []",,,,,
q0258,"Explain what a race condition is in concurrent programming, and give an example of how it can occur.",programming,hard,"A race condition occurs when multiple threads or processes access and modify shared data concurrently, and the final outcome depends on the unpredictable timing or order of execution. For example, if two threads both read a shared counter's value, increment it locally, and write it back without synchronization, one increment can be lost because both threads may read the same initial value before either writes back.",,,,,
q0259,"What is the difference between depth-first search (DFS) and breadth-first search (BFS) in graph traversal, and when would you prefer one over the other?",programming,hard,"DFS explores as far as possible along each branch before backtracking, typically using a stack or recursion, while BFS explores all neighbors at the current depth before moving deeper, typically using a queue. BFS is preferred for finding the shortest path in unweighted graphs, while DFS is often preferred for tasks like topological sorting, cycle detection, or when memory is a concern and the target is likely to be found without exhaustive exploration.",,,,,
q0260,"Debug this code: it's supposed to return the sum of a list but throws an error. def sum_list(lst):
    total = 0
    for i in range(len(lst) + 1):
        total += lst[i]
    return total",programming,hard,"The bug is range(len(lst) + 1), which goes one index too far and causes an IndexError. It should be range(len(lst)), or more simply, iterate directly over lst instead of indices, or just use the built-in sum(lst).",,,,,
q0261,"What is Big-O notation, and why is O(n log n) generally considered a ""good"" complexity for sorting algorithms?",programming,hard,"Big-O notation describes the upper bound of an algorithm's growth rate in terms of input size, used to characterize time or space complexity. O(n log n) is considered good for sorting because it is the proven lower bound for comparison-based sorting algorithms, meaning you cannot do better in the general case, and it scales much better than O(n^2) algorithms for large inputs.",,,,,
q0262,Write a Python function that checks whether a given binary tree is a valid binary search tree.,programming,hard,"def is_bst(node, low=float('-inf'), high=float('inf')):
    if node is None:
        return True
    if not (low < node.val < high):
        return False
    return is_bst(node.left, low, node.val) and is_bst(node.right, node.val, high)",,,,,
q0263,"Explain the concept of ""dynamic programming"" and how it differs from plain recursion, using the Fibonacci sequence as an example.",programming,hard,"Dynamic programming solves problems by breaking them into overlapping subproblems and caching their results to avoid redundant computation, whereas plain recursion recomputes the same subproblems repeatedly. For Fibonacci, naive recursion has exponential time complexity O(2^n) because it recomputes the same values many times, while a DP approach using memoization or bottom-up tabulation reduces this to O(n) by storing previously computed Fibonacci values.",,,,,
q0264,"What is a hash collision, and name one common strategy to handle it in a hash table implementation.",programming,hard,"A hash collision occurs when two different keys hash to the same index or bucket in a hash table. A common strategy to handle it is chaining, where each bucket holds a linked list or similar structure of all entries that hash to that index; another common strategy is open addressing, which probes to find the next available slot.",,,,,
q0265,Write a Python generator function that yields prime numbers indefinitely.,programming,hard,"def primes():
    yield 2
    found = [2]
    n = 3
    while True:
        if all(n % p != 0 for p in found if p * p <= n):
            found.append(n)
            yield n
        n += 2",,,,,
q0266,"What does the term ""idempotent"" mean in the context of REST APIs, and which HTTP methods are typically idempotent?",programming,hard,"An idempotent operation produces the same result no matter how many times it is performed. In REST APIs, GET, PUT, and DELETE are typically idempotent, since repeating them has the same effect as doing them once, while POST is typically not idempotent, since repeating it can create multiple resources.",,,,,
q0267,"Explain the difference between process-based and thread-based concurrency, including one tradeoff of each.",programming,hard,"Processes have separate memory spaces and are isolated from each other, making them safer but more expensive to create and communicate between, requiring inter-process communication. Threads share the same memory space within a process, making them lighter-weight and faster to communicate, but more prone to issues like race conditions since they can directly access shared data.",,,,,
q0268,"Write a Python function to detect if a linked list contains a cycle, using Floyd's cycle detection algorithm.",programming,hard,"def has_cycle(head):
    slow, fast = head, head
    while fast and fast.next:
        slow = slow.next
        fast = fast.next.next
        if slow == fast:
            return True
    return False",,,,,
q0269,"What is the CAP theorem in distributed systems, and what does it imply about system design tradeoffs?",programming,hard,"The CAP theorem states that a distributed system can only guarantee two of the following three properties simultaneously: Consistency, meaning all nodes see the same data at the same time; Availability, meaning every request receives a response; and Partition tolerance, meaning the system continues to operate despite network partitions. Since network partitions are generally unavoidable in real distributed systems, designers must choose to prioritize either consistency or availability when a partition occurs.",,,,,
q0270,"Given a large log file too big to fit in memory, describe an approach to find the top 10 most frequent words efficiently.",programming,hard,"Use a streaming approach: read the file line by line without loading it all into memory, maintain a hash map of word counts as you go, or use external sorting or map-reduce for extremely large files, and then use a min-heap of size 10 to track the top 10 most frequent words, updating it as counts are finalized. This avoids needing to sort the entire dataset and keeps memory usage bounded.",,,,,
q0271,"Four people (A, B, C, D) need to cross a bridge at night with one flashlight. At most 2 can cross at a time, and any group crossing must walk at the slower person's pace. Their crossing times alone are 1, 2, 7, and 10 minutes. What is the minimum total time for all four to cross?",logic_reasoning,hard,"17 minutes. Strategy: A and B cross (2 min), A returns (1 min), C and D cross (10 min), B returns (2 min), A and B cross again (2 min). Total = 2+1+10+2+2 = 17 minutes.",,,,,
q0272,"You are in a room with three light switches, each corresponding to one of three bulbs in another room which you cannot see. You may flip the switches as much as you like, but can only enter the other room once. How do you determine which switch controls which bulb?",logic_reasoning,hard,"Turn on switch 1 and leave it on for a few minutes, then turn it off and turn on switch 2, leaving switch 3 off. Enter the room: the bulb that is on corresponds to switch 2; the bulb that is off but warm corresponds to switch 1; the bulb that is off and cold corresponds to switch 3.",,,,,
q0273,"There are 12 identical-looking balls, one of which is either heavier or lighter than the rest (unknown which). Using a balance scale only 3 times, how can you identify the odd ball and whether it's heavier or lighter?",logic_reasoning,hard,"Divide the 12 balls into three groups of 4. Weigh group A vs group B. If balanced, the odd ball is in group C; otherwise it is in the heavier or lighter group indicated by the imbalance. This narrows the search to 4 candidates with a known direction, or an unknown direction if group C is implicated. The remaining two weighings use a systematic subdivision, weighing selected subsets against each other (including swapping some known-good balls in), to isolate the single odd ball and determine whether it is heavy or light. This is the classic '12 balls' puzzle, solvable in exactly 3 weighings.",,,,,
q0274,"In a certain code language, ""PENCIL"" is written as ""QFODJM"". How would ""BOOK"" be written in the same code?",logic_reasoning,hard,"""CPPL"". Each letter is shifted forward by one position in the alphabet (P->Q, E->F, N->O, C->D, I->J, L->M), so applying the same shift to BOOK gives B->C, O->P, O->P, K->L, resulting in ""CPPL"".",,,,,
q0275,"A man looks at a photograph and says, ""I have no siblings, but that man's father is my father's son."" Who is in the photograph?",logic_reasoning,hard,"The man's son. Since the speaker has no siblings, 'my father's son' refers to the speaker himself. So the statement means 'that man's father is me,' meaning the photograph shows the speaker's own son.",,,,,
q0276,"Five houses in a row are painted different colors, and their owners have different nationalities and drink different beverages (a simplified version of the classic Zebra Puzzle). Given: (1) The Brit lives in the red house. (2) The Swede keeps dogs. (3) The Dane drinks tea. (4) The green house is immediately to the left of the white house. (5) The green house owner drinks coffee. Based only on these clues, can we determine who owns the fish? Explain why or why not.",logic_reasoning,hard,"No, we cannot determine who owns the fish with only these five clues. The full Zebra Puzzle requires all 15 of its original clues to uniquely determine every attribute, including who owns the fish. With only these five, there is not enough information to sufficiently constrain house positions and pet ownership.",,,,,
q0277,"A snail is at the bottom of a 20-foot well. Each day it climbs up 3 feet, but each night it slides back down 2 feet. How many days does it take the snail to reach the top of the well?",logic_reasoning,hard,"18 days. Each full day-night cycle nets 1 foot of progress, but on the final day, once the snail reaches or exceeds 20 feet during its climb, it does not slide back. After 17 days it has net climbed 17 feet; on day 18 it climbs 3 more feet, reaching exactly 20 feet and escaping the well before nightfall.",,,,,
q0278,"In a room of 23 people, what is the approximate probability that at least two share the same birthday, ignoring leap years? Explain the reasoning briefly.",logic_reasoning,hard,"Approximately 50.7%. This is the classic 'birthday paradox.' Calculating the probability that no two people share a birthday, by multiplying 365/365 x 364/365 x ... x 343/365, and subtracting the result from 1, shows the probability of at least one shared birthday crosses 50% at just 23 people, due to the large number of pairwise comparisons, 253 pairs, relative to 365 possible birthdays.",,,,,
q0279,"A knight always tells the truth, and a knave always lies. You meet two people, X and Y. X says, ""At least one of us is a knave."" What are X and Y?",logic_reasoning,hard,"X is a knight and Y is a knave. If X were a knave, X's statement would be a lie, meaning it would be false that at least one of them is a knave, but X being a knave makes the statement true, a contradiction. So X must be a knight, meaning the statement is true, and since X is not a knave, Y must be the knave for the statement to hold.",,,,,
q0280,"You have 8 identical-looking coins, one of which is counterfeit and slightly lighter than the rest. Using a balance scale exactly 2 times, how can you identify the counterfeit coin?",logic_reasoning,hard,"Divide the coins into three groups: 3, 3, and 2. Weigh the two groups of 3 against each other. If they balance, the counterfeit is among the remaining 2; weigh those two against each other to find the lighter one. If they don't balance, the counterfeit is in the lighter group of 3; take that group, weigh 1 coin against another, leaving one aside. If they balance, the set-aside coin is counterfeit; otherwise the lighter one on the scale is.",,,,,
q0281,"A jar contains only red and blue marbles, 10 total. If you pick 2 marbles at random without replacement, the probability both are red is 1/3. How many red marbles are in the jar?",logic_reasoning,hard,"6 red marbles. Let r be the number of red marbles. P(both red) = (r/10) x ((r-1)/9) = 1/3, so r(r-1) = 30, giving r^2 - r - 30 = 0, which factors as (r-6)(r+5) = 0, so r = 6 (rejecting the negative solution). Check: (6/10) x (5/9) = 30/90 = 1/3.",,,,,
q0282,"Two trains leave stations 500 miles apart at the same time, heading toward each other, one at 60 mph and the other at 90 mph. A bird starts at the first train, flies back and forth between the two trains at 120 mph until they meet. How far does the bird travel in total?",logic_reasoning,hard,"400 miles. The trains close the 500-mile gap at a combined speed of 150 mph, meeting after 500/150 = 10/3 hours. The bird flies continuously at 120 mph for that same duration, covering 120 x 10/3 = 400 miles, regardless of its back-and-forth path.",,,,,
q0283,"Derive the formula for the period of a simple pendulum for small oscillations, starting from the restoring torque.",science_physics,hard,"For small angles, the restoring torque on a pendulum of length L and mass m is tau = -m*g*L*sin(theta), approximately -m*g*L*theta for small theta. Using tau = I*alpha where I = m*L^2 for a point mass, we get m*L^2*theta'' = -m*g*L*theta, so theta'' = -(g/L)*theta. This is simple harmonic motion with angular frequency omega = sqrt(g/L), so the period T = 2*pi/omega = 2*pi*sqrt(L/g).",,,,,
q0284,"A satellite orbits Earth at a radius r. Derive an expression for its orbital speed in terms of Earth's mass M, r, and the gravitational constant G.",science_physics,hard,"For a circular orbit, gravitational force provides the centripetal force: G*M*m/r^2 = m*v^2/r. Solving for v: v^2 = G*M/r, so v = sqrt(G*M/r).",,,,,
q0285,"Explain, using special relativity, why nothing with mass can reach the speed of light.",science_physics,hard,"As an object with mass accelerates, its relativistic kinetic energy increases according to E = m*c^2*(gamma - 1), where gamma = 1/sqrt(1 - v^2/c^2) approaches infinity as v approaches c. This means an infinite amount of energy would be required to accelerate a massive object to the speed of light, which is physically impossible.",,,,,
q0286,"Two resistors of 4 ohms and 6 ohms are connected in parallel. What is the equivalent resistance, and what happens to total current compared to a single 4-ohm resistor at the same voltage?",science_physics,hard,"Equivalent resistance = (4*6)/(4+6) = 24/10 = 2.4 ohms. Since this is less than either individual resistor, the total current drawn from the source increases compared to using just the 4-ohm resistor alone, because parallel resistors provide multiple paths, lowering overall resistance.",,,,,
q0287,"Using conservation of energy, find the speed of a 2 kg block at the bottom of a frictionless 5-meter-high ramp, starting from rest.",science_physics,hard,"Using m*g*h = (1/2)*m*v^2, v = sqrt(2*g*h) = sqrt(2 * 9.8 * 5) = sqrt(98), approximately 9.9 m/s. Note the mass cancels out of the equation.",,,,,
q0288,Explain the photoelectric effect and why it could not be explained by the classical wave theory of light.,science_physics,hard,"The photoelectric effect is the emission of electrons from a metal surface when light shines on it, but only if the light's frequency exceeds a certain threshold, regardless of intensity. Classical wave theory predicted that higher intensity light, regardless of frequency, should eventually eject electrons, and that increasing intensity should increase electron kinetic energy; neither matched observations. Einstein explained it by proposing light is quantized into photons with energy E = h*f; only photons above a threshold frequency have enough energy to eject electrons, and increasing intensity increases the number of ejected electrons, not their individual energy.",,,,,
q0289,A projectile is launched at an angle of 45 degrees with an initial speed of 20 m/s. Calculate its maximum height and range (use g = 9.8 m/s^2).,science_physics,hard,"Max height = (v^2 * sin^2(theta)) / (2*g) = (400 * 0.5) / 19.6, approximately 10.2 m. Range = (v^2 * sin(2*theta)) / g = (400 * 1) / 9.8, approximately 40.8 m, since sin(90 degrees) = 1 at a 45-degree launch angle, which maximizes range.",,,,,
q0290,"A spacecraft needs to escape Earth's gravitational field entirely. Derive the escape velocity formula in terms of G, M (Earth's mass), and R (Earth's radius), and calculate its approximate value.",science_physics,hard,"Escape velocity is found by setting kinetic energy equal to the gravitational potential energy needed to reach infinite distance: (1/2)*m*v^2 = G*M*m/R, solving for v gives v = sqrt(2*G*M/R). Using G ~= 6.674e-11, M ~= 5.97e24 kg, and R ~= 6.371e6 m, this gives v ~= sqrt(1.251e8) ~= 11,186 m/s, approximately 11.2 km/s.",,,,,
q0291,Explain the mechanism by which a catalyst increases the rate of a chemical reaction without being consumed.,science_chemistry,hard,"A catalyst provides an alternative reaction pathway with a lower activation energy, allowing a greater fraction of reactant molecules to have sufficient energy to react at a given temperature. It participates in intermediate steps of the reaction but is regenerated by the end, so it is not consumed overall.",,,,,
q0292,"Given the reaction N2 + 3H2 -> 2NH3, if you start with 4 moles of N2 and 9 moles of H2, which is the limiting reactant, and how many moles of NH3 can be produced?",science_chemistry,hard,"H2 is the limiting reactant. 9 moles of H2 would require 3 moles of N2 in the 1:3 ratio, leaving 1 mole of N2 unreacted out of the 4 moles available. The 9 moles of H2 produces 9 x (2/3) = 6 moles of NH3.",,,,,
q0293,Explain why the pH of a buffer solution resists significant change when small amounts of acid or base are added.,science_chemistry,hard,"A buffer contains a weak acid and its conjugate base, or a weak base and its conjugate acid, in significant concentrations. Added acid is neutralized by the conjugate base component, and added base is neutralized by the weak acid component, so the ratio of the two, and thus the pH per the Henderson-Hasselbalch equation, changes only slightly.",,,,,
q0294,Describe the difference between SN1 and SN2 reaction mechanisms in organic chemistry.,science_chemistry,hard,"SN2 reactions occur in a single concerted step where the nucleophile attacks the substrate from the opposite side of the leaving group, causing inversion of stereochemistry; the rate depends on both nucleophile and substrate concentration, making it second-order, and it is favored by less hindered, primary substrates. SN1 reactions occur in two steps via a carbocation intermediate, where the leaving group departs first; the rate depends only on substrate concentration, making it first-order, and it is favored by more stable carbocations in tertiary substrates, often resulting in racemization.",,,,,
q0295,"Explain, using molecular orbital theory, why the O2 molecule is paramagnetic.",science_chemistry,hard,"Molecular orbital theory predicts that O2 has two unpaired electrons in its degenerate pi-antibonding orbitals, based on filling molecular orbitals in order of increasing energy. Unpaired electrons make a substance paramagnetic, meaning it is attracted to a magnetic field, which matches experimental observation, whereas simple Lewis structures, predicting all paired electrons in a double bond, fail to explain this property.",,,,,
q0296,"A 0.1 M solution of a weak acid HA has a pH of 3. Estimate the acid dissociation constant, Ka.",science_chemistry,hard,"[H+] = 10^-3 M. Assuming x = [H+] = [A-] and an initial concentration of 0.1 M, Ka is approximately x^2 / (0.1 - x), approximately (10^-3)^2 / 0.1 = 10^-6 / 0.1 = 1 x 10^-5, an approximation valid since x is small relative to 0.1.",,,,,
q0297,Explain how CRISPR-Cas9 gene editing technology works at a molecular level.,science_biology,hard,"CRISPR-Cas9 uses a guide RNA designed to match a specific target DNA sequence; the guide RNA directs the Cas9 enzyme to bind that location in the genome. Cas9 then creates a double-strand break in the DNA at the target site. The cell's natural repair mechanisms, either non-homologous end joining, which can disrupt the gene, or homology-directed repair using a provided DNA template, which can insert or correct specific sequences, then repair the break, allowing precise editing.",,,,,
q0298,Describe the process of oxidative phosphorylation and its role in ATP production.,science_biology,hard,"Oxidative phosphorylation occurs in the inner mitochondrial membrane, where electrons from NADH and FADH2, generated in glycolysis and the citric acid cycle, pass through the electron transport chain, releasing energy used to pump protons across the membrane and create an electrochemical gradient. Protons flow back through ATP synthase, which uses this flow to phosphorylate ADP into ATP; this process generates the majority of ATP in aerobic respiration.",,,,,
q0299,Explain how the structure of DNA allows it to be both stable and capable of accurate replication.,science_biology,hard,"DNA's double helix structure, held together by hydrogen bonds between complementary base pairs, A-T and G-C, and stabilized by the sugar-phosphate backbone, provides chemical stability. The complementary base pairing also enables semi-conservative replication: each strand serves as a template for synthesizing a new complementary strand, ensuring the genetic information is accurately copied, with each daughter DNA molecule containing one original and one new strand.",,,,,
q0300,Explain the concept of genetic drift and how it differs from natural selection as a mechanism of evolution.,science_biology,hard,"Genetic drift refers to random fluctuations in allele frequencies within a population due to chance events, rather than any advantage or disadvantage the alleles confer, and it has a particularly strong effect in small populations. This differs from natural selection, where allele frequency changes are driven by differential survival and reproduction based on how traits affect fitness in a given environment, making it a non-random process.",,,,,
q0301,"Explain how vaccines can create ""herd immunity"" and why a certain threshold of vaccination coverage is typically needed.",science_biology,hard,"Herd immunity occurs when a sufficient proportion of a population is immune to a disease, through vaccination or prior infection, making it difficult for the pathogen to spread and indirectly protecting even unvaccinated individuals. The required threshold depends on the pathogen's basic reproduction number, R0; the higher the R0, meaning the more contagious the disease, the higher the vaccination coverage needed to reduce the effective reproduction number below 1 and halt sustained transmission.",,,,,
q0302,"Describe the role of telomeres in cellular aging, and explain why telomerase activity is relevant to both aging and cancer.",science_biology,hard,"Telomeres are repetitive DNA sequences at chromosome ends that shorten with each cell division due to limitations of the DNA replication machinery; when telomeres become critically short, cells typically enter senescence or apoptosis, contributing to aging. Telomerase is an enzyme that can rebuild telomeres, and while it is largely inactive in most adult somatic cells, contributing to their limited replicative lifespan, many cancer cells reactivate telomerase, allowing them to divide indefinitely, which is one hallmark of cancer.",,,,,
q0303,"A company's quarterly report shows revenue grew 15% year-over-year to $23 million, but net profit margin fell from 12% to 8%. Operating expenses grew 22% due to a new hiring push, and the company also took on $5 million in new debt to fund expansion. As an analyst, what are the key concerns you would raise about this quarter's performance?",long_context_domain_analysis,hard,"Key concerns include: profit margin compression despite revenue growth suggests costs are outpacing revenue, which is unsustainable if it continues; the 22% growth in operating expenses, faster than the 15% revenue growth, indicates the hiring push may not yet be generating proportional returns, or spending discipline is weak; and the added $5 million in debt increases financial risk and interest obligations, which could further pressure margins. A prudent analyst would want to know whether expense growth is a temporary investment expected to pay off, such as new hires ramping toward productivity, or a structural cost problem, and would monitor next quarter's margin trend closely before drawing firm conclusions.",,,,,
q0304,"A city is considering banning single-use plastic bags to reduce environmental waste. Proponents cite reduced litter and marine pollution; opponents cite increased costs for low-income shoppers and potential increased use of paper bags, which have a higher carbon footprint per unit to produce. Given these competing considerations, what would a well-reasoned policy recommendation look like?",long_context_domain_analysis,hard,"A well-reasoned recommendation would likely favor a tiered or hybrid approach rather than an outright ban: charging a small fee for both plastic and paper bags, rather than banning outright, to incentivize reusable bags while minimizing cost burden on shoppers who need a bag occasionally; providing free or subsidized reusable bags to low-income households to offset the burden; and using revenue from bag fees to fund environmental programs. This balances the environmental goal of reducing single-use bag consumption broadly, not just shifting to a higher-carbon-footprint alternative, against the equity concern of protecting low-income shoppers from disproportionate cost.",,,,,
q0305,"A software team's deployment pipeline shows unit test coverage of 85%, but production incidents have increased 40% over the last quarter, and most incidents trace back to integration issues between services rather than logic bugs within individual services. What does this suggest about where the team should focus its testing efforts next?",long_context_domain_analysis,hard,"This suggests the team's testing strategy is imbalanced. High unit test coverage is catching logic bugs within individual services, but the actual failure mode, integration issues between services, isn't being caught because unit tests, by design, test components in isolation. The team should invest in integration and contract testing, for example testing actual interactions between services, using consumer-driven contract tests, or end-to-end tests covering critical cross-service workflows, rather than continuing to push unit test coverage higher, since that metric is no longer the bottleneck.",,,,,
q0306,"A patient presents with fatigue, weight gain, cold intolerance, and dry skin. Blood tests show elevated TSH and low free T4. Based on this pattern, what condition is most likely indicated, and briefly explain the underlying mechanism.",long_context_domain_analysis,hard,"This pattern is most consistent with primary hypothyroidism, commonly caused by conditions like Hashimoto's thyroiditis. The mechanism: the thyroid gland is underproducing thyroid hormone, resulting in low T4, which normally provides negative feedback to the pituitary gland. With less T4 to suppress it, the pituitary increases TSH secretion to try to stimulate the thyroid, but the thyroid still cannot respond adequately, resulting in the classic pattern of high TSH with low T4, and symptoms reflecting a slowed metabolism such as fatigue, weight gain, cold intolerance, and dry skin.",,,,,
q0307,"In an A/B test, variant B shows a 5% higher conversion rate than variant A, with a p-value of 0.08. The product team wants to roll out variant B immediately. What statistical and practical concerns should be raised before doing so?",long_context_domain_analysis,hard,"The statistical concern is that a p-value of 0.08 exceeds the conventional 0.05 significance threshold, meaning the observed difference could plausibly be due to random chance rather than a true effect; the result is not statistically significant by standard convention. Practical concerns include checking whether the sample size or test duration was adequate, since underpowered tests often produce inconclusive p-values, whether the test ran long enough to account for novelty effects or day-of-week variation, and whether the 5% relative improvement is practically meaningful given implementation cost and risk. A reasonable recommendation would be to extend the test to gather more data before making a rollout decision, rather than acting on a non-significant result.",,,,,
q0308,"An investment portfolio consists of 70% stocks and 30% bonds. During a market downturn, stocks fall 25% while bonds rise 5%. What is the overall portfolio's percentage change, and what does this illustrate about diversification?",long_context_domain_analysis,hard,"Overall change = (0.70 x -25%) + (0.30 x 5%) = -17.5% + 1.5% = -16%. This illustrates the benefit of diversification: because bonds and stocks don't move in perfect correlation, and even moved in opposite directions here, the portfolio's overall loss of -16% is smaller than the -25% loss a stock-only portfolio would have suffered, showing how holding negatively or weakly correlated assets can reduce overall portfolio volatility and risk.",,,,,
q0309,"A manufacturing plant reports that defect rates increased sharply after switching to a new raw material supplier three months ago, but the supplier's certified quality metrics look identical to the previous supplier's. What steps should the plant take to diagnose the root cause?",long_context_domain_analysis,hard,"Steps should include statistically comparing defect rates before and after the supplier switch to confirm the correlation isn't coincidental, checking for other changes made around the same time such as process or staffing changes; conducting incoming material inspection or testing on the new supplier's batches to check for variability not captured by the supplier's own certified metrics, such as subtle differences in tolerances, batch-to-batch consistency, or storage and handling conditions; running controlled trials using both suppliers' materials under identical production conditions to isolate whether the material itself, rather than an unrelated factor, is causing the defects; and reviewing whether the certified metrics actually measure the properties relevant to the observed defects, since identical certified metrics don't guarantee all relevant properties were tested.",,,,,
q0310,"A history textbook describes the fall of a fictional empire as being caused solely by 'moral decay' among its citizens. As a critical reader, what limitations does this explanation have, and what additional factors might a more rigorous historical analysis consider?",long_context_domain_analysis,hard,"'Moral decay' as a sole explanation is vague, difficult to define or measure objectively, and tends to reflect the biases of the historians writing about the decline, often retrospectively and often from outside or successor cultures with their own agendas, rather than being a rigorously evidenced cause. A more rigorous analysis would consider structural factors such as economic troubles like inflation, trade disruption, or resource depletion; military pressures like invasions or overextension of borders; political instability like succession crises, corruption, or administrative fragmentation; environmental factors like climate change, plague, or famine; and social factors like inequality or class tension, and would look at how these interacted, rather than attributing collapse to a single, difficult-to-verify moral narrative.",,,,,
q0311,"A machine learning model achieves 98% accuracy on a fraud detection dataset where only 1% of transactions are actually fraudulent. Why might accuracy be a misleading metric here, and what would be a better way to evaluate the model?",long_context_domain_analysis,hard,"Because the dataset is highly imbalanced, with 99% non-fraud transactions, a trivial model that always predicts 'not fraud' would already achieve 99% accuracy while catching zero actual fraud cases, so 98% accuracy could actually represent a poorly performing model. Better metrics would include precision, recall, and F1-score, particularly recall since missing fraud cases is often costlier than false alarms, as well as examining the confusion matrix directly and considering metrics like the area under the precision-recall curve, which is more informative than accuracy or even ROC-AUC for highly imbalanced classification problems.",,,,,
q0312,"Two candidates are running for office. Candidate A's platform promises tax cuts and increased infrastructure spending, without specifying how the resulting budget gap will be addressed. Candidate B promises smaller, targeted tax cuts, with specific offsetting spending reductions identified. As a voter evaluating fiscal responsibility, setting aside other policy considerations, what should you weigh?",long_context_domain_analysis,hard,"A voter focused specifically on fiscal responsibility should weigh internal consistency, since Candidate B's platform is more fiscally coherent because it identifies specific offsets, while Candidate A's combination of tax cuts and increased spending without a funding plan risks increasing the deficit or debt unless unstated assumptions, such as growth-driven revenue increases, are examined critically. The voter should also weigh the credibility of assumptions, since even Candidate B's numbers should be scrutinized for realistic projections, and longer-term consequences, since unaddressed budget gaps can lead to higher borrowing costs, inflationary pressure, or future tax increases or spending cuts, which voters concerned with fiscal responsibility would want to factor in, independent of whichever policies they might prefer on other grounds.",,,,,
q0313,"A codebase has a function that has grown to 400 lines, handles five different unrelated responsibilities, and has no unit tests. The team is under deadline pressure to add a sixth feature to this function. What are the tradeoffs of refactoring first versus adding the feature directly, and what would you recommend?",long_context_domain_analysis,hard,"Adding the feature directly is faster in the short term but compounds technical debt, since the function becomes even harder to understand, test, and safely modify in the future, increasing the risk of bugs and slowing future development. Refactoring first, such as splitting responsibilities into smaller, testable functions and adding tests for existing behavior, reduces risk before adding new logic, but takes more upfront time that competes with the deadline. A reasonable recommendation, given deadline pressure, is a middle path: add characterization or regression tests for current behavior first, since this is fast, low-risk, and gives a safety net, then do a minimal, targeted refactor scoped just to the area the new feature touches, rather than a full rewrite, deferring a complete refactor to a follow-up task tracked explicitly so it isn't permanently postponed.",,,,,
q0314,"An article claims 'Studies show that people who drink coffee live longer,' citing an observational study that found coffee drinkers had lower mortality rates than non-coffee drinkers. What is the key methodological limitation of drawing a causal conclusion from this study, and what confounding factors might explain the association?",long_context_domain_analysis,hard,"The key limitation is that this is an observational, or correlational, study, not a randomized controlled trial, so it cannot establish causation; it may reflect confounding variables rather than a true causal effect of coffee itself. Potential confounders include socioeconomic status, since people who can regularly afford and access coffee may have better overall healthcare access in some study populations; overall health status, since people with certain illnesses may avoid caffeine, meaning 'non-coffee-drinker' status could itself be a marker of pre-existing poor health, a form of reverse causation; and lifestyle factors correlated with coffee consumption, such as being more socially or professionally active. Without controlling for or randomizing these factors, the observed association cannot be confidently attributed to coffee consumption itself.",,,,,
q0315,"A team is deciding between a monolithic architecture and a microservices architecture for a new product with an uncertain, evolving feature set and a small, 4-person engineering team. What tradeoffs should inform this decision, and which would you lean toward recommending?",long_context_domain_analysis,hard,"Microservices offer benefits like independent scaling, deployment, and technology choices per service, and can isolate failures, but they introduce significant operational complexity, including network communication, service discovery, distributed data consistency, more complex debugging and monitoring, and DevOps overhead, that is often not justified for a small team, especially early on when the domain boundaries between services aren't yet well understood, a common cause of poorly-drawn service boundaries when microservices are adopted prematurely. Given a small 4-person team and an evolving, uncertain feature set, a monolithic, or 'modular monolith' structured with clear internal module boundaries, architecture is generally recommended initially. It is simpler to develop, test, and deploy, and internal boundaries can be split into microservices later, once the domain is better understood and the team and product have grown enough to justify the added operational complexity.",,,,,
q0316,"A pharmaceutical trial for a new drug shows it is statistically significantly more effective than placebo at reducing symptoms, with p < 0.01, but the average symptom reduction is only 2% greater than placebo. How should this result be interpreted, and what does it illustrate about the difference between statistical and practical significance?",long_context_domain_analysis,hard,"This illustrates that statistical significance, a low p-value indicating the observed difference is unlikely to be due to chance and often achievable with a large enough sample size, is distinct from practical or clinical significance, meaning whether the size of the effect is meaningful in real-world terms. A 2% greater symptom reduction, even if statistically robust, may be too small to matter meaningfully to patients or to justify the drug's cost, side effects, or risks compared to placebo or existing treatments. A rigorous interpretation would report the effect size and confidence interval, not just the p-value, and would evaluate whether that effect size crosses a clinically meaningful threshold, rather than concluding the drug is worthwhile based on statistical significance alone.",,,,,
q0317,"A retail company notices that customers who receive personalized email recommendations have a 20% higher repeat purchase rate than those who don't. The company concludes personalized emails cause repeat purchases and plans to send them to all customers. What is the flaw in this reasoning, and how could the company test causation more rigorously?",long_context_domain_analysis,hard,"The flaw is a likely selection effect: customers who opted in to, or were engaged enough to receive and open, personalized emails may already be more engaged, loyal customers who were more likely to make repeat purchases regardless of the emails; this is correlation, not demonstrated causation. To test causation more rigorously, the company should run a randomized controlled experiment, randomly assigning otherwise similar customers to receive personalized emails or not, or a generic email as a control, and then comparing repeat purchase rates between the randomized groups, which would isolate the causal effect of the emails themselves from pre-existing differences between customer segments.",,,,,
q0318,"Calculate the net present value (NPV) of a project that requires an initial investment of $100,000 and generates $30,000 per year for 5 years, using a discount rate of 8%. Is the project worth pursuing based on NPV alone?",business_finance,hard,"NPV is approximately $19,781. The present value annuity factor at 8% for 5 years is approximately 3.9927, so the present value of the cash flows is approximately 30,000 x 3.9927 = $119,781, and NPV = 119,781 - 100,000 = $19,781. Since NPV is positive, the project is worth pursuing based on NPV alone, as it is expected to add value beyond the required rate of return.",,,,,
q0319,"Explain the concept of the time value of money and why $1,000 today is worth more than $1,000 received in 5 years.",business_finance,hard,"Money available today can be invested to earn a return over time, such as in interest-bearing accounts or other investments, so $1,000 today can grow to more than $1,000 in 5 years. Additionally, inflation erodes purchasing power over time, and there is inherent risk and uncertainty in receiving money in the future, since it might not materialize. These factors combine to make present money more valuable than an equivalent nominal amount received later, which underlies discounting future cash flows in valuation.",,,,,
q0320,"A company is deciding between two mutually exclusive projects: Project A has an IRR of 15% and an NPV of $50,000; Project B has an IRR of 25% and an NPV of $30,000. Which project should the company choose, and why might IRR and NPV give conflicting recommendations?",business_finance,hard,"The company should generally choose Project A, because NPV directly measures the absolute dollar value added to the firm and is considered the more theoretically sound metric for maximizing shareholder wealth, while IRR is a relative percentage measure that doesn't account for the scale of the investment. IRR and NPV can conflict due to differences in project scale or the timing of cash flows, which implicitly assumes reinvestment at the IRR itself for IRR calculations, versus at the discount rate for NPV, a more realistic assumption. In cases of conflict for mutually exclusive projects, NPV is generally the preferred decision criterion.",,,,,
q0321,"Explain what ""diversifiable"" versus ""non-diversifiable"" risk means in portfolio theory, and why only non-diversifiable risk is typically compensated with higher expected returns.",business_finance,hard,"Diversifiable, or unsystematic, risk is risk specific to an individual asset or company, such as a lawsuit or product recall, that can be reduced or eliminated by holding a diversified portfolio of many different assets, since such risks tend to cancel out across a large enough portfolio. Non-diversifiable, or systematic, risk affects the entire market or economy, such as recessions or interest rate changes, and cannot be eliminated through diversification. Because rational investors can eliminate unsystematic risk for free simply by diversifying, the market does not compensate them with extra expected return for bearing it; only systematic risk, which cannot be diversified away, is compensated with a risk premium, as reflected in models like the Capital Asset Pricing Model.",,,,,
q0322,"A startup is valued at $10 million pre-money and raises $2.5 million in a funding round. What is the post-money valuation, and what percentage of the company do the new investors own?",business_finance,hard,Post-money valuation = pre-money + investment = $10 million + $2.5 million = $12.5 million. The new investors' ownership percentage = investment / post-money valuation = 2.5 / 12.5 = 20%.,,,,,
q0323,Explain why a company might have positive EBITDA but still be at risk of bankruptcy.,business_finance,hard,"EBITDA excludes several significant cash and non-cash obligations that can still threaten solvency: high interest expenses on debt if heavily leveraged, large capital expenditure requirements, tax obligations, or working capital needs such as inventory buildup or slow-paying customers can all consume cash even when EBITDA is positive. This means a company can appear operationally profitable by this metric while still running out of actual cash to meet its obligations, leading to bankruptcy risk, which is why EBITDA is sometimes criticized as an incomplete measure of financial health.",,,,,
q0324,"Explain the concept of ""moral hazard"" in the context of the 2008 financial crisis, using the ""too big to fail"" doctrine as an example.",business_finance,hard,"Moral hazard occurs when a party is incentivized to take on greater risk because it does not bear the full consequences of that risk, often because someone else, like a government or insurer, will absorb losses. In the context of 'too big to fail,' large financial institutions had an incentive to take on excessively risky investments and high leverage before 2008, partly because they anticipated that if their bets failed and threatened systemic collapse, the government would likely bail them out to prevent broader economic damage, reducing their own downside risk relative to their potential upside, and thus encouraging riskier behavior than they might otherwise have undertaken.",,,,,
q0325,"A retailer's inventory turnover ratio is 4, while the industry average is 8. What does this suggest, and what are two possible explanations?",business_finance,hard,"An inventory turnover ratio of 4, versus an industry average of 8, suggests the retailer is selling and replacing its inventory much more slowly than competitors, which can indicate inefficiency. Two possible explanations are that the retailer may be overstocking or holding excess or slow-moving inventory relative to demand, tying up capital and increasing storage and obsolescence costs, or that the retailer may be experiencing weaker sales or demand than competitors for reasons like pricing, product mix, marketing, or declining market position, causing goods to sit longer before selling.",,,,,
q0326,"Explain John Rawls' ""veil of ignorance"" thought experiment and how it's used to argue for principles of distributive justice.",philosophy_ethics,hard,"Rawls proposes imagining designing the rules of a society from behind a 'veil of ignorance,' where you don't know what position you will occupy in that society, such as your class, race, talents, or gender, once the veil is lifted. Because you might end up in the least advantaged position, Rawls argues rational self-interested people would choose principles that protect the worst-off, rather than principles that might benefit an advantaged group they assume they'll belong to. This leads Rawls to his two principles of justice, including the 'difference principle,' which permits inequalities only if they benefit the least advantaged members of society.",,,,,
q0327,"Explain the ethical distinction utilitarianism draws between ""act utilitarianism"" and ""rule utilitarianism,"" and give an example where they might recommend different actions.",philosophy_ethics,hard,"Act utilitarianism evaluates each individual action by whether it maximizes overall happiness or utility in that specific instance, while rule utilitarianism evaluates actions based on whether they conform to a rule that, if generally followed, would maximize overall utility. For example, consider lying to protect someone from a murderer at the door: act utilitarianism might endorse the specific lie because it maximizes good outcomes in that instance, while rule utilitarianism might worry that a general rule permitting lying, even for good reasons, undermines the broader social value of trust and honesty, and could instead endorse a general rule against lying, even though it produces a worse outcome in this specific case.",,,,,
q0328,"Is it ethically justifiable to use a person's data without explicit consent if doing so provides significant societal benefit, such as public health research? Discuss the competing ethical considerations.",philosophy_ethics,hard,"This involves a tension between individual autonomy and privacy rights, the deontological view that using someone's data without consent violates their right to control personal information regardless of benefits, and utilitarian or consequentialist reasoning, that significant societal benefits like disease prevention or medical advances could justify limited privacy intrusions if the harm is minimal and the benefit is substantial. A commonly proposed middle ground involves de-identifying or anonymizing data to reduce privacy harm, using opt-out rather than fully bypassing consent where feasible, subjecting such use to ethical review boards, and reserving non-consensual use for cases with clearly substantial public benefit and minimal individual risk, rather than treating either extreme as an adequate general policy.",,,,,
q0329,"Explain the ethical concept of the ""doctrine of double effect"" and how it might apply to a surgeon administering a high dose of pain medication to a terminally ill patient, which relieves suffering but may hasten death.",philosophy_ethics,hard,"The doctrine of double effect holds that it can be morally permissible to perform an action that has both a good effect, such as relieving suffering, and a foreseen but unintended bad effect, such as hastening death, provided that the action itself is not inherently wrong, only the good effect is intended, the bad effect is not the means to achieving the good effect, and there is a proportionate reason for allowing the bad effect. Applied to the surgeon's case, administering pain medication to relieve suffering is permissible under this doctrine because the intent is pain relief rather than death, death is a foreseen but unintended side effect, and it is not used as the means of causing death, distinguishing it ethically in this framework from active euthanasia, where death itself is the intended goal.",,,,,
q0330,"Discuss the ethical tension between free speech and preventing harm, using the example of whether hate speech should be legally restricted.",philosophy_ethics,hard,"This tension pits a strong free speech tradition, valuing open discourse, the 'marketplace of ideas,' and skepticism of government power to determine acceptable speech, against harm-prevention concerns, that hate speech can cause psychological harm to targeted groups, incite violence or discrimination, and undermine equal participation in society for marginalized groups. Different societies resolve this differently: some, like the US, lean heavily toward protecting speech except in narrow categories like direct incitement to imminent violence, prioritizing the risk of government overreach in policing speech; others, like many European countries, impose broader restrictions on hate speech, prioritizing protection of vulnerable groups and social cohesion. A nuanced position often distinguishes between speech that expresses unpopular or offensive views, generally protected, versus speech that directly incites imminent violence or harassment targeting individuals, more broadly restricted, while acknowledging genuine disagreement remains about where exactly to draw that line.",,,,,
q0331,Is it ethical for a self-driving car's decision algorithm to be programmed to prioritize the safety of its own passengers over pedestrians in an unavoidable accident scenario? Discuss the key considerations.,philosophy_ethics,hard,"Key considerations include consequentialist reasoning, which might suggest programming for whichever choice minimizes total harm or deaths regardless of who is inside versus outside the car; however, a strict 'minimize total harm' rule could create perverse incentives, such as reduced public trust or adoption of a technology that might sacrifice its own owner, or ethical concerns about deliberately programming a machine to make life-or-death tradeoffs about specific individuals in ways no human driver consciously does in a split-second reaction. There is also a legal and moral distinction some draw between passively minimizing harm, such as braking, versus actively redirecting harm toward a specific party, which can matter ethically even if outcomes are similar. Many ethicists and policymakers argue for a middle ground: programming should aim to minimize overall harm in a way that is transparent and consistently applied, avoiding ad hoc individual value judgments about which lives matter more, rather than explicitly privileging passengers, since public trust in such systems depends partly on the perception that no group's life is programmed to be treated as inherently less valuable than another's, though passenger safety remains a legitimate factor manufacturers must also weigh for adoption and legal liability reasons.",,,,,
q0332,"Explain the ""is-ought problem"" identified by David Hume, and why it remains relevant to arguments in applied ethics today.",philosophy_ethics,hard,"Hume observed that many arguments slide from purely descriptive premises, statements of fact about 'what is,' to prescriptive conclusions, statements about 'what ought to be,' without adequately justifying that logical leap; you cannot validly derive a normative 'ought' conclusion purely from 'is' premises without an additional normative premise bridging the two. This remains relevant today because many ethical and policy arguments implicitly, and sometimes fallaciously, assume that because something is 'natural,' 'traditional,' or 'common,' it is therefore good or right, the 'naturalistic fallacy' related to the is-ought problem, for example arguing that a behavior is ethical simply because it occurs in nature, without independently justifying why 'natural' should be equated with 'good.'",,,,,
q0333,"Discuss whether corporations have moral obligations beyond maximizing shareholder profit, such as to employees, communities, or the environment, presenting the strongest argument for each side.",philosophy_ethics,hard,"The shareholder primacy view, associated with economist Milton Friedman, argues that a corporation's sole social responsibility is to maximize profit within the rules of the game, meaning legal and ethical norms, because managers are stewards of shareholders' capital, and because decisions about broader social goals are better left to democratic processes and individual choices, such as shareholders personally donating profits to causes they value, rather than unelected corporate executives. The stakeholder view argues corporations have moral obligations to a broader set of stakeholders, including employees, communities, customers, and the environment, because corporations wield significant power and impact on these groups' wellbeing, benefit from public goods and infrastructure, and because purely profit-maximizing behavior can externalize costs, like pollution or poor labor conditions, onto others who didn't consent to bear them; proponents argue that long-term sustainable profitability itself often depends on maintaining trust and goodwill with these broader stakeholders anyway.",,,,,
q0334,"Compare and contrast the causes of the French Revolution (1789) and the Russian Revolution (1917), identifying at least two similarities and two differences.",history,hard,"Similarities include both being driven significantly by economic hardship and inequality, with France facing severe debt, food shortages, and heavy taxation of the lower classes, while Russia faced widespread poverty, food shortages exacerbated by World War I, and stark inequality between nobility and peasants or workers, and both involving a loss of legitimacy and confidence in an autocratic monarchy perceived as out of touch with the suffering of ordinary people. Differences include the ideological basis, since the French Revolution was driven substantially by Enlightenment ideas about individual rights, liberty, and constitutional government, while the Russian Revolution was driven more explicitly by Marxist-Leninist ideology aiming for a specifically socialist restructuring of the economy and class system, and the immediate trigger and international context, since France's revolution emerged somewhat organically from Estates-General politics and fiscal crisis, while Russia's 1917 revolution was heavily catalyzed by the devastating strain of World War I and unfolded in two distinct stages, the February Revolution toppling the Tsar, followed by the October Revolution bringing the Bolsheviks to power.",,,,,
q0335,"Explain why the Treaty of Versailles (1919), intended to secure lasting peace after World War I, is often cited by historians as a contributing factor to World War II.",history,hard,"The Treaty of Versailles imposed harsh terms on Germany, including significant territorial losses, military restrictions, and substantial reparations payments, combined with a 'war guilt' clause assigning Germany sole responsibility for the war. This created deep economic hardship and national humiliation in Germany, fueling resentment that nationalist and extremist political movements, notably the Nazi Party under Hitler, exploited to gain popular support by framing themselves as restoring German dignity and reversing the treaty's terms. Additionally, the treaty's punitive economic terms contributed to German economic instability, compounding the later impact of the Great Depression, and the League of Nations it established lacked the enforcement power to prevent Germany's later remilitarization and territorial aggression, together creating conditions historians see as having contributed significantly to the rise of Nazi Germany and the outbreak of WWII.",,,,,
q0336,"Analyze why the Industrial Revolution began in Britain rather than in another European nation, considering at least three contributing factors.",history,hard,"Contributing factors include Britain having abundant coal and iron ore reserves, providing the raw materials and energy source needed for industrial machinery and steam power; Britain having a relatively stable political system and strong property rights following the Glorious Revolution of 1688, which encouraged investment and entrepreneurship with lower risk of arbitrary confiscation; Britain having access to capital through its extensive colonial trade networks and banking system, along with a large domestic and colonial market for manufactured goods; and an agricultural revolution having already increased food production efficiency, freeing up labor to move into industrial and urban work. These factors combined synergistically in Britain in a way that wasn't as fully present in other European nations at the time.",,,,,
q0337,Explain the historical significance of the Marshall Plan (1948) in shaping post-World War II Europe and the emerging Cold War.,history,hard,"The Marshall Plan provided over $12 billion in US economic aid to help rebuild Western European economies devastated by WWII, aiming to restore economic stability, prevent the spread of communism, which found fertile ground in economic desperation, and rebuild trading partners for the US economy. Its significance includes helping Western Europe achieve rapid post-war economic recovery, fostering economic and eventually political integration among Western European nations as an early step toward what became the European Union, and sharpening the Cold War divide, since the Soviet Union refused the aid and pressured Eastern Bloc countries to do the same, deepening the economic and ideological split between Western and Eastern Europe.",,,,,
q0338,Discuss the significance of the printing press's invention around 1440 in enabling the Protestant Reformation.,history,hard,"The printing press allowed for the mass production of texts at dramatically lower cost and faster speed than hand-copying manuscripts, enabling ideas to spread far more widely and quickly than before. Martin Luther's writings, including his 95 Theses and vernacular translations of the Bible, could be rapidly reproduced and distributed across Europe, reaching a much broader audience, including ordinary literate people, not just clergy and elites, and allowing reform ideas to spread and gain momentum before the Catholic Church could effectively suppress them, as it had with earlier reform movements. This made the printing press a critical enabling technology for the scale and speed of the Reformation's spread.",,,,,
q0339,"Analyze the long-term geopolitical consequences of the Sykes-Picot Agreement (1916), in which Britain and France secretly divided Ottoman territories in the Middle East into spheres of influence.",history,hard,"The agreement drew borders based largely on European strategic and colonial interests rather than existing ethnic, religious, or tribal boundaries in the region, creating states such as Iraq and Syria that grouped together diverse and sometimes historically rival populations, or split related groups across different states, such as the Kurds. This has been cited by many historians and analysts as a contributing factor to long-term regional instability, including sectarian tensions, border disputes, and conflicts in the modern Middle East, as post-colonial states struggled with legitimacy and cohesion given borders that didn't align well with the region's underlying social and ethnic geography.",,,,,
q0340,"Explain why the Cuban Missile Crisis (1962) is considered the closest the world came to nuclear war during the Cold War, and how it was ultimately resolved.",history,hard,"The crisis began when the US discovered Soviet nuclear missile installations being built in Cuba, just 90 miles from US shores, capable of striking most of the continental United States with little warning time. The ensuing 13-day standoff involved a US naval blockade of Cuba, high-stakes brinkmanship, and both sides' militaries on heightened alert, with several close calls, including a Soviet submarine commander nearly authorizing a nuclear torpedo launch, that could have escalated to direct nuclear conflict. It was ultimately resolved through back-channel diplomacy: the US publicly agreed not to invade Cuba and secretly agreed to remove US missiles from Turkey, in exchange for the Soviet Union publicly agreeing to remove its missiles from Cuba, demonstrating both the danger of the standoff and the value of diplomatic off-ramps even amid intense Cold War tension.",,,,,
q0341,"Compare the economic policies of the New Deal in the United States during the 1930s with those implemented in Nazi Germany during the same period, focusing on their differing political and economic philosophies despite some superficial similarities like large public works programs.",history,hard,"Both programs used large-scale government spending on public works, such as US infrastructure projects like dams and roads under the WPA versus German projects like the Autobahn, to combat unemployment during the Great Depression era, and both expanded the role of government in the economy relative to prior laissez-faire norms. However, the underlying political philosophies differed fundamentally: the New Deal operated within a democratic, capitalist framework, aiming to stabilize and reform capitalism through regulation, social safety nets, and labor protections, while preserving political pluralism and civil liberties. Nazi Germany's economic policy was subordinated to militarization and expansionist goals within a totalitarian, fascist political system that suppressed political dissent, controlled labor unions, and increasingly directed the economy toward war preparation and racial ideology, rather than democratic economic reform or worker welfare as an end in itself.",,,,,
q0342,"In contract law, what is the difference between ""void"" and ""voidable"" contracts, and give an example of each?",domain_specific_expert,hard,"A void contract is one treated as never having had legal effect from the outset; it cannot be enforced by either party, typically because it involves an illegal purpose, such as a contract to sell illegal drugs, or a fundamental lack of capacity or legality. A voidable contract, by contrast, is initially valid and enforceable but can be canceled at the option of one party due to some defect, such as a contract signed under duress, fraud, misrepresentation, or by a minor; the disadvantaged party can choose to affirm or rescind it, but until rescinded, it remains legally binding.",,,,,
q0343,"Explain the legal concept of ""mens rea"" and why it is significant in distinguishing between different levels of criminal liability.",domain_specific_expert,hard,"'Mens rea,' Latin for 'guilty mind,' refers to the mental state or intent of a person at the time they committed an act, and it is a key element, alongside 'actus reus,' the guilty act, in establishing criminal liability for most serious crimes. It is significant because the same physical act can carry different levels of culpability and correspondingly different criminal charges or penalties depending on the perpetrator's mental state; for example, killing someone with premeditated intent, murder, is treated very differently under the law than killing someone accidentally through reckless behavior, manslaughter, or with no culpable mental state at all, such as genuine accident or self-defense.",,,,,
q0344,"In civil engineering, explain why triangular shapes are structurally preferred over rectangular shapes in truss design.",domain_specific_expert,hard,"Triangles are inherently rigid shapes; given fixed side lengths, a triangle's angles cannot change without changing the length of a side, meaning a triangular frame resists deformation under load without relying on the rigidity of its joints. Rectangles and other quadrilaterals, by contrast, can deform into a parallelogram shape under load even if the side lengths stay fixed, unless the joints themselves are rigid, which adds cost and complexity, or a diagonal brace is added, effectively converting the rectangle into two triangles. This is why triangular trusses are the standard building block for bridges, roof structures, and other load-bearing frameworks.",,,,,
q0345,"In macroeconomics, explain the difference between demand-pull inflation and cost-push inflation, with an example of each.",domain_specific_expert,hard,"Demand-pull inflation occurs when aggregate demand for goods and services exceeds the economy's productive capacity, driving prices up, for example if government stimulus spending or low interest rates sharply increase consumer spending faster than businesses can increase supply. Cost-push inflation occurs when the costs of production increase, such as rising raw material or wage costs, leading businesses to raise prices to maintain profit margins even without a corresponding increase in demand, for example a sharp rise in global oil prices increasing transportation and production costs across many industries, pushing up prices broadly even if consumer demand hasn't increased.",,,,,
q0346,"In network security, explain the difference between symmetric and asymmetric encryption, and why many secure systems like TLS/HTTPS use both together.",domain_specific_expert,hard,"Symmetric encryption uses a single shared secret key for both encrypting and decrypting data, making it computationally fast and efficient for encrypting large amounts of data, but it requires securely sharing that key between parties beforehand, which is a challenge if there is no existing secure channel. Asymmetric encryption uses a public and private key pair, where data encrypted with the public key can only be decrypted with the corresponding private key, solving the key distribution problem since the public key can be shared openly, but it is computationally much slower than symmetric encryption. Many secure systems, like TLS/HTTPS, use both together: asymmetric encryption is used during a brief initial handshake to securely exchange a symmetric session key, and then fast symmetric encryption is used for the actual bulk data transfer, combining the security advantage of asymmetric key exchange with the performance advantage of symmetric encryption for ongoing communication.",,,,,
q0347,"In architecture and structural engineering, explain what a ""cantilever"" is and one key engineering challenge in designing one.",domain_specific_expert,hard,"A cantilever is a rigid structural element, such as a beam, balcony, or overhang, that is anchored or supported at only one end and extends horizontally into open space without support at the other end, relying entirely on the strength of the anchored end and the material's resistance to bending moments to bear its load. A key engineering challenge is managing the significant bending moment and shear stress concentrated at the fixed or anchored end, which increases with both the load and the length of the unsupported cantilevered span, requiring careful material selection, structural reinforcement such as higher-strength materials or a deeper cross-section near the support, and precise load calculations to prevent structural failure or excessive deflection at the free end.",,,,,
q0348,"In immunology, explain the difference between innate immunity and adaptive immunity, including a key feature that distinguishes their response speed and specificity.",domain_specific_expert,hard,"Innate immunity is the body's immediate, non-specific first line of defense against pathogens, including physical barriers like skin and cellular responses like inflammation and phagocytosis by cells such as macrophages and neutrophils; it responds within minutes to hours but does not remember specific past pathogens or improve with repeated exposure. Adaptive immunity is a slower response, taking days to develop upon first exposure, that is highly specific, involving T cells and B cells that target particular pathogens based on unique molecular markers called antigens, and crucially it generates immunological memory via memory T and B cells, allowing for a much faster and stronger response upon subsequent exposure to the same pathogen, which is the biological basis for how vaccines and natural immunity provide lasting protection.",,,,,
q0349,"In corporate law, explain the concept of the ""corporate veil"" and under what circumstances courts might ""pierce"" it.",domain_specific_expert,hard,"The 'corporate veil' refers to the legal separation between a corporation as an independent legal entity and its individual shareholders or owners, which normally shields shareholders from being personally liable for the corporation's debts and legal obligations beyond their investment in the company. Courts may 'pierce the corporate veil,' holding individual shareholders personally liable, in certain circumstances, such as when the corporate form is used to commit fraud or evade existing legal obligations, when the corporation fails to maintain adequate separation from its owners, such as commingling personal and corporate funds or failing to follow corporate formalities, or when the corporation is significantly undercapitalized relative to its foreseeable liabilities, indicating it was not treated as a genuinely independent entity.",,,,,
q0350,"In supply chain management, explain the ""bullwhip effect"" and one strategy commonly used to mitigate it.",domain_specific_expert,hard,"The bullwhip effect refers to the phenomenon where small fluctuations in consumer demand at the retail level become progressively amplified into larger fluctuations in orders as they move upstream through the supply chain, from retailer to wholesaler to manufacturer to raw material supplier, often driven by factors like order batching, demand forecasting inaccuracies, price fluctuations or promotions, and rationing or shortage gaming behavior. One common mitigation strategy is improved information sharing across the supply chain, for example sharing actual point-of-sale demand data directly with upstream suppliers rather than relying on each link's own order patterns as a proxy for demand, which reduces the distortion and delay in demand signals and allows more accurate, synchronized planning throughout the supply chain.",,,,,
